temp,Temp_1,Temp_2,Temp_3,co2,ch4,n2o
-0.474666378136199,-0.834440801075278,-0.38269512724014,-0.556854003584228,316.91,1.2009,0.2899
-0.834440801075278,-0.38269512724014,-0.556854003584228,-0.430410019713268,316.970833333333,1.20236666666667,0.289925
-0.38269512724014,-0.556854003584228,-0.430410019713268,-0.336834537634417,317.031666666667,1.20383333333333,0.28995
-0.556854003584228,-0.430410019713268,-0.336834537634417,-0.291516150537642,317.0925,1.2053,0.289975
-0.430410019713268,-0.336834537634417,-0.291516150537642,-0.350223605734765,317.153333333333,1.20676666666667,0.29
-0.336834537634417,-0.291516150537642,-0.350223605734765,-0.0912277329749074,317.214166666667,1.20823333333333,0.290025
-0.291516150537642,-0.350223605734765,-0.0912277329749074,-0.230862360215049,317275,1.2097,0.29005
-0.350223605734765,-0.0912277329749074,-0.230862360215049,-0.0187088243727658,317.335833333333,1.21116666666667,0.290075
-0.0912277329749074,-0.230862360215049,-0.0187088243727658,-0.321235378136205,317.396666666667,1.21263333333333,0.2901
-0.230862360215049,-0.0187088243727658,-0.321235378136205,0.162883066308247,317.4575,1.2141,0.290125
-0.0187088243727658,-0.321235378136205,0.162883066308247,-0.263519689964166,317.518333333333,1.21556666666667,0.29015
-0.321235378136205,0.162883066308247,-0.263519689964166,-0.16536501612903,317.579166666667,1.21703333333333,0.290175
0.162883066308247,-0.263519689964166,-0.16536501612903,-0.267326225806457,317.64,1.2185,0.2902
-0.263519689964166,-0.16536501612903,-0.267326225806457,-0.292170464157714,317.7075,1.21951416666667,0.290225
-0.16536501612903,-0.267326225806457,-0.292170464157714,-0.400235648745525,317775,1.22052833333333,0.29025
-0.267326225806457,-0.292170464157714,-0.400235648745525,-0.112824372759867,317.8425,1.2215425,0.290275
-0.292170464157714,-0.400235648745525,-0.112824372759867,-0.0966277168458731,317.91,1.22255666666667,0.2903
-0.400235648745525,-0.112824372759867,-0.0966277168458731,-0.0244357329749079,317.9775,1.22357083333333,0.290325
-0.112824372759867,-0.0966277168458731,-0.0244357329749079,0.182829528673842,318045,1.224585,0.29035
-0.0966277168458731,-0.0244357329749079,0.182829528673842,-0.0642942688172106,318.1125,1.22559916666667,0.290375
-0.0244357329749079,0.182829528673842,-0.0642942688172106,-0.308548489247315,318.18,1.22661333333333,0.2904
0.182829528673842,-0.0642942688172106,-0.308548489247315,-0.307461600358423,318.2475,1.2276275,0.290425
-0.0642942688172106,-0.308548489247315,-0.307461600358423,-0.477633467741946,318315,1.22864166666667,0.29045
-0.308548489247315,-0.307461600358423,-0.477633467741946,-0.673726016129031,318.3825,1.22965583333333,0.290475
-0.307461600358423,-0.477633467741946,-0.673726016129031,-0.384733003584227,318.45,1.23067,0.2905
-0.477633467741946,-0.673726016129031,-0.384733003584227,-0.53763668637993,318495,1.23231833333333,0.290533333333333
-0.673726016129031,-0.384733003584227,-0.53763668637993,-0.22344909318997,318.54,1.23396666666667,0.290566666666667
-0.384733003584227,-0.53763668637993,-0.22344909318997,-0.150727594982087,318585,1.235615,0.2906
-0.53763668637993,-0.22344909318997,-0.150727594982087,0.0374070609318977,318.63,1.23726333333333,0.290633333333333
-0.22344909318997,-0.150727594982087,0.0374070609318977,0.029621711469531,318675,1.23891166666667,0.290666666666667
-0.150727594982087,0.0374070609318977,0.029621711469531,0.0304951953405101,318.72,1.24056,0.2907
0.0374070609318977,0.029621711469531,0.0304951953405101,0.210187620071679,318765,1.24220833333333,0.290733333333333
0.029621711469531,0.0304951953405101,0.210187620071679,-0.346767600358426,318.81,1.24385666666667,0.290766666666667
0.0304951953405101,0.210187620071679,-0.346767600358426,-0.471183933691755,318855,1.245505,0.2908
0.210187620071679,-0.346767600358426,-0.471183933691755,-0.52131068996416,318.9,1.24715333333333,0.290833333333333
-0.346767600358426,-0.471183933691755,-0.52131068996416,-0.634484682795701,318945,1.24880166666667,0.290866666666667
-0.471183933691755,-0.52131068996416,-0.634484682795701,-1.09116933691757,318.99,1.25045,0.2909
-0.52131068996416,-0.634484682795701,-1.09116933691757,-0.888784908602158,319.0425,1.25127083333333,0.290925
-0.634484682795701,-1.09116933691757,-0.888784908602158,-0.710116093189967,319095,1.25209166666667,0.29095
-1.09116933691757,-0.888784908602158,-0.710116093189967,-0.33884115053764,319.1475,1.2529125,0.290975
-0.888784908602158,-0.710116093189967,-0.33884115053764,-0.531149161290319,319.2,1.25373333333333,291
-0.710116093189967,-0.33884115053764,-0.531149161290319,-0.782249288530462,319.2525,1.25455416666667,0.291025
-0.33884115053764,-0.531149161290319,-0.782249288530462,-0.494663804659488,319305,1.255375,0.29105
-0.531149161290319,-0.782249288530462,-0.494663804659488,-0.367618046594988,319.3575,1.25619583333333,0.291075
-0.782249288530462,-0.494663804659488,-0.367618046594988,-0.173679378136203,319.41,1.25701666666667,0.2911
-0.494663804659488,-0.367618046594988,-0.173679378136203,-0.681313711469532,319.4625,1.2578375,0.291125
-0.367618046594988,-0.173679378136203,-0.681313711469532,-0.183237245519717,319515,1.25865833333333,0.29115
-0.173679378136203,-0.681313711469532,-0.183237245519717,-0.46947712724014,319.5675,1.25947916666667,0.291175
-0.681313711469532,-0.183237245519717,-0.46947712724014,-0.69057333691757,319.62,1.2603,0.2912
-0.183237245519717,-0.46947712724014,-0.69057333691757,-0.428399797491046,319655,1.26038333333333,0.291216666666667
-0.46947712724014,-0.69057333691757,-0.428399797491046,-0.553752759856632,319.69,1.26046666666667,0.291233333333333
-0.69057333691757,-0.428399797491046,-0.553752759856632,-0.21202592831542,319725,1.26055,0.29125
-0.428399797491046,-0.553752759856632,-0.21202592831542,-0.2381589390681,319.76,1.26063333333333,0.291266666666667
-0.553752759856632,-0.21202592831542,-0.2381589390681,-0.291664844086025,319795,1.26071666666667,0.291283333333333
-0.21202592831542,-0.2381589390681,-0.291664844086025,-0.00315802688171374,319.83,1.2608,0.2913
-0.2381589390681,-0.291664844086025,-0.00315802688171374,0.16737473118279,319865,1.26088333333333,0.291316666666667
-0.291664844086025,-0.00315802688171374,0.16737473118279,-0.137870600358426,319.9,1.26096666666667,0.291333333333333
-0.00315802688171374,0.16737473118279,-0.137870600358426,-0.107323711469526,319935,1.26105,0.29135
0.16737473118279,-0.137870600358426,-0.107323711469526,-0.721972912186388,319.97,1.26113333333333,0.291366666666667
-0.137870600358426,-0.107323711469526,-0.721972912186388,-0.530323238351254,320005,1.26121666666667,0.291383333333333
-0.107323711469526,-0.721972912186388,-0.530323238351254,-0.290793892473122,320.04,1.2613,0.2914
-0.721972912186388,-0.530323238351254,-0.290793892473122,-0.330543686379936,320.151666666667,1.2623475,0.291408333333333
-0.530323238351254,-0.290793892473122,-0.330543686379936,-0.319595426523303,320.263333333333,1.263395,0.291416666666667
-0.290793892473122,-0.330543686379936,-0.319595426523303,-0.153465483870971,320375,1.2644425,0.291425
-0.330543686379936,-0.319595426523303,-0.153465483870971,-0.123177272401428,320.486666666667,1.26549,0.291433333333333
-0.319595426523303,-0.153465483870971,-0.123177272401428,-0.332135510752689,320.598333333333,1.2665375,0.291441666666667
-0.153465483870971,-0.123177272401428,-0.332135510752689,-0.175824804659488,320.71,1.267585,0.29145
-0.123177272401428,-0.332135510752689,-0.175824804659488,-0.27727926881721,320.821666666667,1.2686325,0.291458333333333
-0.332135510752689,-0.175824804659488,-0.27727926881721,-0.228085711469536,320.933333333333,1.26968,0.291466666666667
-0.175824804659488,-0.27727926881721,-0.228085711469536,-0.297197378136197,321045,1.2707275,0.291475
-0.27727926881721,-0.228085711469536,-0.297197378136197,-0.715674689964164,321.156666666667,1.271775,0.291483333333333
-0.228085711469536,-0.297197378136197,-0.715674689964164,-0.852978571684588,321.268333333333,1.2728225,0.291491666666667
-0.297197378136197,-0.715674689964164,-0.852978571684588,-0.753086225806449,321.38,1.27387,0.2915
-0.715674689964164,-0.852978571684588,-0.753086225806449,-0.715002575268827,321445,1.27471694441667,0.2915
-0.852978571684588,-0.753086225806449,-0.715002575268827,-0.380518982078861,321.51,1.27556388883333,0.2915
-0.753086225806449,-0.715002575268827,-0.380518982078861,-0.514673150537639,321575,1.27641083325,0.2915
-0.715002575268827,-0.380518982078861,-0.514673150537639,-0.643728494623652,321.64,1.27725777766667,0.2915
-0.380518982078861,-0.514673150537639,-0.643728494623652,-0.55475928853047,321705,1.27810472208333,0.2915
-0.514673150537639,-0.643728494623652,-0.55475928853047,-0.745160693548378,321.77,1.2789516665,0.2915
-0.643728494623652,-0.55475928853047,-0.745160693548378,-0.626115491039432,321835,1.27979861091667,0.2915
-0.55475928853047,-0.745160693548378,-0.626115491039432,-0.655382489247316,321.9,1.28064555533333,0.2915
-0.745160693548378,-0.626115491039432,-0.655382489247316,-0.776784378136195,321965,1.28149249975,0.2915
-0.626115491039432,-0.655382489247316,-0.776784378136195,-0.604570578853053,322.03,1.28233944416667,0.2915
-0.655382489247316,-0.776784378136195,-0.604570578853053,-1.2419436827957,322095,1.28318638858333,0.2915
-0.776784378136195,-0.604570578853053,-1.2419436827957,-0.634490892473121,322.16,1.284033333,0.2915
-0.604570578853053,-1.2419436827957,-0.634490892473121,-1.08086313082438,322.233333333333,1.28560472191667,0.291541666666667
-1.2419436827957,-0.634490892473121,-1.08086313082438,-0.851760204301083,322.306666666667,1.28717611083333,0.291583333333333
-0.634490892473121,-1.08086313082438,-0.851760204301083,-0.609117594982084,322.38,1.28874749975,0.291625
-1.08086313082438,-0.851760204301083,-0.609117594982084,-0.420037827956989,322.453333333333,1.29031888866667,0.291666666666667
-0.851760204301083,-0.609117594982084,-0.420037827956989,-0.591161621863794,322.526666666667,1.29189027758333,0.291708333333333
-0.609117594982084,-0.420037827956989,-0.591161621863794,-0.199376804659494,322.6,1.2934616665,0.29175
-0.420037827956989,-0.591161621863794,-0.199376804659494,-0.347541713261656,322.673333333333,1.29503305541667,0.291791666666667
-0.591161621863794,-0.199376804659494,-0.347541713261656,-0.494975155913977,322.746666666667,1.29660444433333,0.291833333333333
-0.199376804659494,-0.347541713261656,-0.494975155913977,-0.183275933691753,322.82,1.29817583325,0.291875
-0.347541713261656,-0.494975155913977,-0.183275933691753,0.239928865591391,322.893333333333,1.29974722216667,0.291916666666667
-0.494975155913977,-0.183275933691753,0.239928865591391,0.0972606505376383,322.966666666667,1.30131861108333,0.291958333333333
-0.183275933691753,0.239928865591391,0.0972606505376383,0.0653154408602106,323.04,1.30289,292
0.239928865591391,0.0972606505376383,0.0653154408602106,0.0362657580645127,323.171666666667,1.30488083333333,0.2922
0.0972606505376383,0.0653154408602106,0.0362657580645127,0.0121262401433668,323.303333333333,1.30687166666667,0.2924
0.0653154408602106,0.0362657580645127,0.0121262401433668,-0.145370594982087,323435,1.3088625,0.2926
0.0362657580645127,0.0121262401433668,-0.145370594982087,-0.14520671684587,323.566666666667,1.31085333333333,0.2928
0.0121262401433668,-0.145370594982087,-0.14520671684587,-0.194368621863802,323.698333333333,1.31284416666667,293
-0.145370594982087,-0.14520671684587,-0.194368621863802,-0.269919915770604,323.83,1.314835,0.2932
-0.14520671684587,-0.194368621863802,-0.269919915770604,-0.169960713261656,323.961666666667,1.31682583333333,0.2934
-0.194368621863802,-0.269919915770604,-0.169960713261656,-0.0391544892473163,324.093333333333,1.31881666666667,0.2936
-0.269919915770604,-0.169960713261656,-0.0391544892473163,0.0370599551971367,324225,1.3208075,0.2938
-0.169960713261656,-0.0391544892473163,0.0370599551971367,-0.0576930232974959,324.356666666667,1.32279833333333,294
-0.0391544892473163,0.0370599551971367,-0.0576930232974959,-0.382862238351251,324.488333333333,1.32478916666667,0.2942
0.0370599551971367,-0.0576930232974959,-0.382862238351251,-0.214205892473117,324.62,1.32678,0.2944
-0.0576930232974959,-0.382862238351251,-0.214205892473117,-0.194111130824382,324.708333333333,1.32885666666667,0.29435
-0.382862238351251,-0.214205892473117,-0.194111130824382,-0.118009204301082,324.796666666667,1.33093333333333,0.2943
-0.214205892473117,-0.194111130824382,-0.118009204301082,-0.376105594982086,324885,1.33301,0.29425
-0.194111130824382,-0.118009204301082,-0.376105594982086,-0.415715050179209,324.973333333333,1.33508666666667,0.2942
-0.118009204301082,-0.376105594982086,-0.415715050179209,-0.243883399641572,325.061666666667,1.33716333333333,0.29415
-0.376105594982086,-0.415715050179209,-0.243883399641572,-0.0774995824372731,325.15,1.33924,0.2941
-0.415715050179209,-0.243883399641572,-0.0774995824372731,-0.346381157706098,325.238333333333,1.34131666666667,0.29405
-0.243883399641572,-0.0774995824372731,-0.346381157706098,-0.150983600358426,325.326666666667,1.34339333333333,294
-0.0774995824372731,-0.346381157706098,-0.150983600358426,-0.229323711469529,325415,1.34547,0.29395
-0.346381157706098,-0.150983600358426,-0.229323711469529,-0.300245801075274,325.503333333333,1.34754666666667,0.2939
-0.150983600358426,-0.229323711469529,-0.300245801075274,-0.320092349462364,325.591666666667,1.34962333333333,0.29385
-0.229323711469529,-0.300245801075274,-0.320092349462364,-0.385223892473121,325.68,1.3517,0.2938
-0.300245801075274,-0.320092349462364,-0.385223892473121,-0.705481686379937,325.733333333333,1.35215833333333,0.293816666666667
-0.320092349462364,-0.385223892473121,-0.705481686379937,-0.296600537634422,325.786666666667,1.35261666666667,0.293833333333333
-0.385223892473121,-0.705481686379937,-0.296600537634422,-0.380616150537641,325.84,1.353075,0.29385
-0.705481686379937,-0.296600537634422,-0.380616150537641,-0.50953071684588,325.893333333333,1.35353333333333,0.293866666666667
-0.296600537634422,-0.380616150537641,-0.50953071684588,-0.52044984408602,325.946666666667,1.35399166666667,0.293883333333333
-0.380616150537641,-0.50953071684588,-0.52044984408602,-0.667781471326158,326,1.35445,0.2939
-0.50953071684588,-0.52044984408602,-0.667781471326158,-0.448681713261653,326.053333333333,1.35490833333333,0.293916666666667
-0.52044984408602,-0.667781471326158,-0.448681713261653,-0.366224155913979,326.106666666667,1.35536666666667,0.293933333333333
-0.667781471326158,-0.448681713261653,-0.366224155913979,-0.322154044802861,326.16,1.355825,0.29395
-0.448681713261653,-0.366224155913979,-0.322154044802861,-0.25192891218639,326.213333333333,1.35628333333333,0.293966666666667
-0.366224155913979,-0.322154044802861,-0.25192891218639,-0.0994426827957007,326.266666666667,1.35674166666667,0.293983333333333
-0.322154044802861,-0.25192891218639,-0.0994426827957007,-0.202069448028681,326.32,1.3572,294
-0.25192891218639,-0.0994426827957007,-0.202069448028681,-0.30219101971327,326.414166666667,1.35910833333333,0.294133333333333
-0.0994426827957007,-0.202069448028681,-0.30219101971327,-0.0968035376344183,326.508333333333,1.36101666666667,0.294266666666667
-0.202069448028681,-0.30219101971327,-0.0968035376344183,0.13522240501792,326.6025,1.362925,0.2944
-0.30219101971327,-0.0968035376344183,0.13522240501792,0.0324938387096871,326.696666666667,1.36483333333333,0.294533333333333
-0.0968035376344183,0.13522240501792,0.0324938387096871,0.0391854892473162,326.790833333333,1.36674166666667,0.294666666666667
0.13522240501792,0.0324938387096871,0.0391854892473162,0.234646084229393,326885,1.36865,0.2948
0.0324938387096871,0.0391854892473162,0.234646084229393,0.39520628673835,326.979166666667,1.37055833333333,0.294933333333333
0.0391854892473162,0.234646084229393,0.39520628673835,-0.125622822580645,327.073333333333,1.37246666666667,0.295066666666667
0.234646084229393,0.39520628673835,-0.125622822580645,-0.00341148924730561,327.1675,1.374375,0.2952
0.39520628673835,-0.125622822580645,-0.00341148924730561,0.12716731003583,327.261666666667,1.37628333333333,0.295333333333333
-0.125622822580645,-0.00341148924730561,0.12716731003583,0.366925761648748,327.355833333333,1.37819166666667,0.295466666666667
-0.00341148924730561,0.12716731003583,0.366925761648748,-0.109777336917567,327.45,1.3801,0.2956
0.12716731003583,0.366925761648748,-0.109777336917567,0.0395480913978403,327.635833333333,1.380575,0.295633333333333
0.366925761648748,-0.109777336917567,0.0395480913978403,0.0952605734766969,327.821666666667,1.38105,0.295666666666667
-0.109777336917567,0.0395480913978403,0.0952605734766969,0.150266738351249,328.0075,1.381525,0.2957
0.0395480913978403,0.0952605734766969,0.150266738351249,0.192241394265238,328.193333333333,1382,0.295733333333333
0.0952605734766969,0.150266738351249,0.192241394265238,0.008386489247318,328.379166666667,1.382475,0.295766666666667
0.150266738351249,0.192241394265238,0.008386489247318,0.0422335286738331,328565,1.38295,0.2958
0.192241394265238,0.008386489247318,0.0422335286738331,0.118995842293902,328.750833333333,1.383425,0.295833333333333
0.008386489247318,0.0422335286738331,0.118995842293902,-0.360977711469534,328.936666666667,1.3839,0.295866666666667
0.0422335286738331,0.118995842293902,-0.360977711469534,-0.667633378136198,329.1225,1.384375,0.2959
0.118995842293902,-0.360977711469534,-0.667633378136198,-0.847838134408608,329.308333333333,1.38485,0.295933333333333
-0.360977711469534,-0.667633378136198,-0.847838134408608,-0.806524238351251,329.494166666667,1.385325,0.295966666666667
-0.667633378136198,-0.847838134408608,-0.806524238351251,-0.7825796702509,329.68,1.3858,296
-0.847838134408608,-0.806524238351251,-0.7825796702509,-0.828489464157716,329.721666666667,1.388775,0.295975
-0.806524238351251,-0.7825796702509,-0.828489464157716,-0.423838315412194,329.763333333333,1.39175,0.29595
-0.7825796702509,-0.828489464157716,-0.423838315412194,-0.69954015053764,329805,1.394725,0.295925
-0.828489464157716,-0.423838315412194,-0.69954015053764,-0.306236050179212,329.846666666667,1.3977,0.2959
-0.423838315412194,-0.69954015053764,-0.306236050179212,-0.542752399641579,329.888333333333,1.400675,0.295875
-0.69954015053764,-0.306236050179212,-0.542752399641579,-0.240330360215051,329.93,1.40365,0.29585
-0.306236050179212,-0.542752399641579,-0.240330360215051,-0.385192491039433,329.971666666667,1.406625,0.295825
-0.542752399641579,-0.240330360215051,-0.385192491039433,-0.559826044802875,330.013333333333,1.4096,0.2958
-0.240330360215051,-0.385192491039433,-0.559826044802875,-0.286399155913976,330055,1.412575,0.295775
-0.385192491039433,-0.559826044802875,-0.286399155913976,-0.251418356630829,330.096666666667,1.41555,0.29575
-0.559826044802875,-0.286399155913976,-0.251418356630829,-0.417246016129027,330.138333333333,1.418525,0.295725
-0.286399155913976,-0.251418356630829,-0.417246016129027,-0.0554875591397845,330.18,1.4215,0.2957
-0.251418356630829,-0.417246016129027,-0.0554875591397845,-0.717066464157711,330255,1.42140833333333,0.295916666666667
-0.417246016129027,-0.0554875591397845,-0.717066464157711,-0.508002648745524,330.33,1.42131666666667,0.296133333333333
-0.0554875591397845,-0.717066464157711,-0.508002648745524,-0.73985626164875,330405,1.421225,0.29635
-0.717066464157711,-0.508002648745524,-0.73985626164875,-0.442494272401429,330.48,1.42113333333333,0.296566666666667
-0.508002648745524,-0.73985626164875,-0.442494272401429,-0.6694206218638,330555,1.42104166666667,0.296783333333333
-0.73985626164875,-0.442494272401429,-0.6694206218638,-0.23163458243727,330.63,1.42095,297
-0.442494272401429,-0.6694206218638,-0.23163458243727,-0.259736713261656,330705,1.42085833333333,0.297216666666667
-0.6694206218638,-0.23163458243727,-0.259736713261656,-0.829950822580653,330.78,1.42076666666667,0.297433333333333
-0.23163458243727,-0.259736713261656,-0.829950822580653,-0.580911600358419,330855,1.420675,0.29765
-0.259736713261656,-0.829950822580653,-0.580911600358419,-0.819694134408611,330.93,1.42058333333333,0.297866666666667
-0.829950822580653,-0.580911600358419,-0.819694134408611,-0.820247571684586,331005,1.42049166666667,0.298083333333333
-0.580911600358419,-0.819694134408611,-0.820247571684586,-0.648000559139785,331.08,1.4204,0.2983
-0.819694134408611,-0.820247571684586,-0.648000559139785,-0.27757701971327,331.160833333333,1.4219525,0.298225
-0.820247571684586,-0.648000559139785,-0.27757701971327,-0.289102426523304,331.241666666667,1.423505,0.29815
-0.648000559139785,-0.27757701971327,-0.289102426523304,-0.354845594982081,331.3225,1.4250575,0.298075
-0.27757701971327,-0.289102426523304,-0.354845594982081,-0.38349638351254,331.403333333333,1.42661,298
-0.289102426523304,-0.354845594982081,-0.38349638351254,-0.125992621863794,331.484166666667,1.4281625,0.297925
-0.354845594982081,-0.38349638351254,-0.125992621863794,-0.724693471326159,331565,1.429715,0.29785
-0.38349638351254,-0.125992621863794,-0.724693471326159,-0.464923379928319,331.645833333333,1.4312675,0.297775
-0.125992621863794,-0.724693471326159,-0.464923379928319,-0.22800504480287,331.726666666667,1.43282,0.2977
-0.724693471326159,-0.464923379928319,-0.22800504480287,-0.599995267025086,331.8075,1.4343725,0.297625
-0.464923379928319,-0.22800504480287,-0.599995267025086,-0.636849689964166,331.888333333333,1.435925,0.29755
-0.22800504480287,-0.599995267025086,-0.636849689964166,-0.146889905017918,331.969166666667,1.4374775,0.297475
-0.599995267025086,-0.636849689964166,-0.146889905017918,-0.164643003584235,332.05,1.43903,0.2974
-0.636849689964166,-0.146889905017918,-0.164643003584235,-0.369452686379937,332.194166666667,1.44061916666667,0.29755
-0.146889905017918,-0.164643003584235,-0.369452686379937,-0.430875204301078,332.338333333333,1.44220833333333,0.2977
-0.164643003584235,-0.369452686379937,-0.430875204301078,-0.394933150537639,332.4825,1.4437975,0.29785
-0.369452686379937,-0.430875204301078,-0.394933150537639,-0.186852827956983,332.626666666667,1.44538666666667,298
-0.430875204301078,-0.394933150537639,-0.186852827956983,-0.10213617741935,332.770833333333,1.44697583333333,0.29815
-0.394933150537639,-0.186852827956983,-0.10213617741935,-0.271383804659493,332915,1.448565,0.2983
-0.186852827956983,-0.10213617741935,-0.271383804659493,0.101940620071677,333.059166666667,1.45015416666667,0.29845
-0.10213617741935,-0.271383804659493,0.101940620071677,-0.15281404480287,333.203333333333,1.45174333333333,0.2986
-0.271383804659493,0.101940620071677,-0.15281404480287,-0.128167044802865,333.3475,1.4533325,0.29875
0.101940620071677,-0.15281404480287,-0.128167044802865,-0.108945467741936,333.491666666667,1.45492166666667,0.2989
-0.15281404480287,-0.128167044802865,-0.108945467741936,-0.575161571684589,333.635833333333,1.45651083333333,0.29905
-0.128167044802865,-0.108945467741936,-0.575161571684589,-0.19545622580646,333.78,1.4581,0.2992
-0.108945467741936,-0.575161571684589,-0.19545622580646,-0.184304353046599,333.915833333333,1.45888083333333,0.299280902775
-0.575161571684589,-0.19545622580646,-0.184304353046599,-0.316285982078856,334.051666666667,1.45966166666667,0.29936180555
-0.19545622580646,-0.184304353046599,-0.316285982078856,-0.288255928315419,334.1875,1.4604425,0.299442708325
-0.184304353046599,-0.316285982078856,-0.288255928315419,-0.402312272401431,334.323333333333,1.46122333333333,0.2995236111
-0.316285982078856,-0.288255928315419,-0.402312272401431,-0.585482844086016,334.459166666667,1.46200416666667,0.299604513875
-0.288255928315419,-0.402312272401431,-0.585482844086016,-0.367707471326163,334595,1.462785,0.29968541665
-0.402312272401431,-0.585482844086016,-0.367707471326163,-0.428740268817215,334.730833333333,1.46356583333333,0.299766319425
-0.585482844086016,-0.367707471326163,-0.428740268817215,-0.677219489247314,334.866666666667,1.46434666666667,0.2998472222
-0.367707471326163,-0.428740268817215,-0.677219489247314,-0.0580176003584221,335.0025,1.4651275,0.299928124975
-0.428740268817215,-0.677219489247314,-0.0580176003584221,-0.132908356630832,335.138333333333,1.46590833333333,0.30000902775
-0.677219489247314,-0.0580176003584221,-0.132908356630832,-0.0478764605734803,335.274166666667,1.46668916666667,0.300089930525
-0.0580176003584221,-0.132908356630832,-0.0478764605734803,0.208410885304655,335.41,1.46747,0.3001708333
-0.132908356630832,-0.0478764605734803,0.208410885304655,-0.253249353046602,335.524166666667,1.4677,0.300243888858333
-0.0478764605734803,0.208410885304655,-0.253249353046602,-0.406766537634415,335.638333333333,1.46793,0.300316944416667
0.208410885304655,-0.253249353046602,-0.406766537634415,-0.230206817204305,335.7525,1.46816,0.300389999975
-0.253249353046602,-0.406766537634415,-0.230206817204305,-0.184156605734763,335.866666666667,1.46839,0.300463055533333
-0.406766537634415,-0.230206817204305,-0.184156605734763,-0.238793844086018,335.980833333333,1.46862,0.300536111091667
-0.230206817204305,-0.184156605734763,-0.238793844086018,-0.173401360215049,336095,1.46885,0.30060916665
-0.184156605734763,-0.238793844086018,-0.173401360215049,-0.381341268817206,336.209166666667,1.46908,0.300682222208333
-0.238793844086018,-0.173401360215049,-0.381341268817206,-0.122609933691756,336.323333333333,1.46931,0.300755277766667
-0.173401360215049,-0.381341268817206,-0.122609933691756,-0.0844753781361973,336.4375,1.46954,0.300828333325
-0.381341268817206,-0.122609933691756,-0.0844753781361973,-0.698042578853052,336.551666666667,1.46977,0.300901388883333
-0.122609933691756,-0.0844753781361973,-0.698042578853052,-0.556903682795699,336.665833333333,1.47,0.300974444441667
-0.0844753781361973,-0.698042578853052,-0.556903682795699,-0.0246135591397874,336.78,1.47023,0.3010475
-0.698042578853052,-0.556903682795699,-0.0246135591397874,0.0142252025089569,336.938333333333,1.4710025,0.301022784091667
-0.556903682795699,-0.0246135591397874,0.0142252025089569,0.0423785734766966,337.096666666667,1.471775,0.300998068183333
-0.0246135591397874,0.0142252025089569,0.0423785734766966,-0.0156291505376416,337255,1.4725475,0.300973352275
0.0142252025089569,0.0423785734766966,-0.0156291505376416,0.0439667275985691,337.413333333333,1.47332,0.300948636366667
0.0423785734766966,-0.0156291505376416,0.0439667275985691,-0.00378984408601823,337.571666666667,1.4740925,0.300923920458333
-0.0156291505376416,0.0439667275985691,-0.00378984408601823,-0.231210026881719,337.73,1.474865,0.30089920455
0.0439667275985691,-0.00378984408601823,-0.231210026881719,-0.471300602150542,337.888333333333,1.4756375,0.300874488641667
-0.00378984408601823,-0.231210026881719,-0.471300602150542,-0.328250044802871,338.046666666667,1.47641,0.300849772733333
-0.231210026881719,-0.471300602150542,-0.328250044802871,-0.401317267025082,338205,1.4771825,0.300825056825
-0.471300602150542,-0.328250044802871,-0.401317267025082,-0.240590801075275,338.363333333333,1.477955,0.300800340916667
-0.328250044802871,-0.401317267025082,-0.240590801075275,-0.266702127240137,338.521666666667,1.4787275,0.300775625008333
-0.401317267025082,-0.240590801075275,-0.266702127240137,-0.114264336917568,338.68,1.4795,0.3007509091
-0.240590801075275,-0.266702127240137,-0.114264336917568,-0.302769464157716,338.798333333333,1.4815325,0.30091569445
-0.266702127240137,-0.114264336917568,-0.302769464157716,-0.0867006487455271,338.916666666667,1.483565,0.3010804798
-0.114264336917568,-0.302769464157716,-0.0867006487455271,-0.220460706093203,339035,1.4855975,0.30124526515
-0.302769464157716,-0.0867006487455271,-0.220460706093203,-0.266101383512545,339.153333333333,1.48763,0.3014100505
-0.0867006487455271,-0.220460706093203,-0.266101383512545,-0.324270177419351,339.271666666667,1.4896625,0.30157483585
-0.220460706093203,-0.266101383512545,-0.324270177419351,-0.113821582437275,339.39,1.491695,0.3017396212
-0.266101383512545,-0.324270177419351,-0.113821582437275,-0.0592031577060972,339.508333333333,1.4937275,0.30190440655
-0.324270177419351,-0.113821582437275,-0.0592031577060972,-0.209260378136204,339.626666666667,1.49576,0.3020691919
-0.113821582437275,-0.0592031577060972,-0.209260378136204,-0.256058600358418,339745,1.4977925,0.30223397725
-0.0592031577060972,-0.209260378136204,-0.256058600358418,-0.535581912186391,339.863333333333,1.499825,0.3023987626
-0.209260378136204,-0.256058600358418,-0.535581912186391,-0.0732900161290289,339.981666666667,1.5018575,0.30256354795
-0.256058600358418,-0.535581912186391,-0.0732900161290289,-0.140522225806457,340.1,1.50389,0.3027283333
-0.535581912186391,-0.0732900161290289,-0.140522225806457,-0.268929575268825,340.211666666667,1.50994583333333,0.302795347191667
-0.0732900161290289,-0.140522225806457,-0.268929575268825,-0.0902269820788568,340.323333333333,1.51600166666667,0.302862361083333
-0.140522225806457,-0.268929575268825,-0.0902269820788568,-0.0913492616487517,340435,1.5220575,0.302929374975
-0.268929575268825,-0.0902269820788568,-0.0913492616487517,-0.162632161290322,340.546666666667,1.52811333333333,0.302996388866667
-0.0902269820788568,-0.0913492616487517,-0.162632161290322,-0.124886844086021,340.658333333333,1.53416916666667,0.303063402758333
-0.0913492616487517,-0.162632161290322,-0.124886844086021,-0.51285480465949,340.77,1.540225,0.30313041665
-0.162632161290322,-0.124886844086021,-0.51285480465949,-0.260841824372765,340.881666666667,1.54628083333333,0.303197430541667
-0.124886844086021,-0.51285480465949,-0.260841824372765,-0.0829081559139873,340.993333333333,1.55233666666667,0.303264444433333
-0.51285480465949,-0.260841824372765,-0.0829081559139873,0.454100399641582,341105,1.5583925,0.303331458325
-0.260841824372765,-0.0829081559139873,0.454100399641582,0.113874310035836,341.216666666667,1.56444833333333,0.303398472216667
-0.0829081559139873,0.454100399641582,0.113874310035836,0.266417094982081,341.328333333333,1.57050416666667,0.303465486108333
0.454100399641582,0.113874310035836,0.266417094982081,0.622127996415767,341.44,1.57656,0.3035325
0.113874310035836,0.266417094982081,0.622127996415767,0.585152313620064,341.5725,1.57853083333333,0.303583888891667
0.266417094982081,0.622127996415767,0.585152313620064,0.445321573476697,341705,1.58050166666667,0.303635277783333
0.622127996415767,0.585152313620064,0.445321573476697,0.277603849462363,341.8375,1.5824725,0.303686666675
0.585152313620064,0.445321573476697,0.277603849462363,0.155026283154122,341.97,1.58444333333333,0.303738055566667
0.445321573476697,0.277603849462363,0.155026283154122,0.194124933691761,342.1025,1.58641416666667,0.303789444458333
0.277603849462363,0.155026283154122,0.194124933691761,-0.222365804659493,342235,1.588385,0.30384083335
0.155026283154122,0.194124933691761,-0.222365804659493,0.00151250896056609,342.3675,1.59035583333333,0.303892222241667
0.194124933691761,-0.222365804659493,0.00151250896056609,-0.156938155913984,342.5,1.59232666666667,0.303943611133333
-0.222365804659493,0.00151250896056609,-0.156938155913984,-0.112560155913975,342.6325,1.5942975,0.303995000025
0.00151250896056609,-0.156938155913984,-0.112560155913975,0.207518532258057,342765,1.59626833333333,0.304046388916667
-0.156938155913984,-0.112560155913975,0.207518532258057,0.0872222060931946,342.8975,1.59823916666667,0.304097777808333
-0.112560155913975,0.207518532258057,0.0872222060931946,-0.428482559139784,343.03,1.60021,0.3041491667
0.207518532258057,0.0872222060931946,-0.428482559139784,-0.443710575268824,343.159166666667,1.60067944441667,0.304159305583333
0.0872222060931946,-0.428482559139784,-0.443710575268824,-0.100836982078857,343.288333333333,1.60114888883333,0.304169444466667
-0.428482559139784,-0.443710575268824,-0.100836982078857,-0.128525817204313,343.4175,1.60161833325,0.30417958335
-0.443710575268824,-0.100836982078857,-0.128525817204313,0.0218092831541199,343.546666666667,1.60208777766667,0.304189722233333
-0.100836982078857,-0.128525817204313,0.0218092831541199,-0.0235797329749126,343.675833333333,1.60255722208333,0.304199861116667
-0.128525817204313,0.0218092831541199,-0.0235797329749126,-0.103956915770606,343805,1.6030266665,0.30421
0.0218092831541199,-0.0235797329749126,-0.103956915770606,-0.0710488243727667,343.934166666667,1.60349611091667,0.304220138883333
-0.0235797329749126,-0.103956915770606,-0.0710488243727667,0.228845844086013,344.063333333333,1.60396555533333,0.304230277766667
-0.103956915770606,-0.0710488243727667,0.228845844086013,-0.119837600358419,344.1925,1.60443499975,0.30424041665
-0.0710488243727667,0.228845844086013,-0.119837600358419,-0.631042023297493,344.321666666667,1.60490444416667,0.304250555533333
0.228845844086013,-0.119837600358419,-0.631042023297493,-0.371251682795702,344.450833333333,1.60537388858333,0.304260694416667
-0.119837600358419,-0.631042023297493,-0.371251682795702,-0.799145559139788,344.58,1.605843333,0.3042708333
-0.631042023297493,-0.371251682795702,-0.799145559139788,-0.374848464157719,344.701666666667,1.60593374966667,0.3042945833
-0.371251682795702,-0.799145559139788,-0.374848464157719,-0.168473537634419,344.823333333333,1.60602416633333,0.3043183333
-0.799145559139788,-0.374848464157719,-0.168473537634419,-0.548375483870974,344945,1.606114583,0.3043420833
-0.374848464157719,-0.168473537634419,-0.548375483870974,-0.319497827956987,345.066666666667,1.60620499966667,0.3043658333
-0.168473537634419,-0.548375483870974,-0.319497827956987,-0.259798288530465,345.188333333333,1.60629541633333,0.3043895833
-0.548375483870974,-0.319497827956987,-0.259798288530465,-0.0663498046594988,345.31,1.606385833,0.3044133333
-0.319497827956987,-0.259798288530465,-0.0663498046594988,-0.265486491039432,345.431666666667,1.60647624966667,0.3044370833
-0.259798288530465,-0.0663498046594988,-0.265486491039432,-0.90432971146954,345.553333333333,1.60656666633333,0.3044608333
-0.0663498046594988,-0.265486491039432,-0.90432971146954,-0.344928600358426,345675,1.606657083,0.3044845833
-0.265486491039432,-0.90432971146954,-0.344928600358426,-0.522058467741946,345.796666666667,1.60674749966667,0.3045083333
-0.90432971146954,-0.344928600358426,-0.522058467741946,-0.792854682795699,345.918333333333,1.60683791633333,0.3045320833
-0.344928600358426,-0.522058467741946,-0.792854682795699,-0.394888781362013,346.04,1.606928333,0.3045558333
-0.522058467741946,-0.792854682795699,-0.394888781362013,-0.0463504641577188,346.1525,1.60792541633333,0.3046049684
-0.792854682795699,-0.394888781362013,-0.0463504641577188,-0.429258759856634,346265,1.60892249966667,0.3046541035
-0.394888781362013,-0.0463504641577188,-0.429258759856634,-0.202016261648751,346.3775,1.609919583,0.3047032386
-0.0463504641577188,-0.429258759856634,-0.202016261648751,-0.151562050179205,346.49,1.61091666633333,0.3047523737
-0.429258759856634,-0.202016261648751,-0.151562050179205,-0.33418673297491,346.6025,1.61191374966667,0.3048015088
-0.202016261648751,-0.151562050179205,-0.33418673297491,-0.489414804659493,346715,1.612910833,0.3048506439
-0.151562050179205,-0.33418673297491,-0.489414804659493,-0.564335046594987,346.8275,1.61390791633333,0.304899779
-0.33418673297491,-0.489414804659493,-0.564335046594987,-0.331372378136205,346.94,1.61490499966667,0.3049489141
-0.489414804659493,-0.564335046594987,-0.331372378136205,-0.070965267025084,347.0525,1.615902083,0.3049980492
-0.564335046594987,-0.331372378136205,-0.070965267025084,0.0283786433691731,347165,1.61689916633333,0.3050471843
-0.331372378136205,-0.070965267025084,0.0283786433691731,-0.0956847939068055,347.2775,1.61789624966667,0.3050963194
-0.070965267025084,0.0283786433691731,-0.0956847939068055,0.260346774193543,347.39,1.618893333,0.3051454545
0.0283786433691731,-0.0956847939068055,0.260346774193543,0.651697646953402,347.5375,1.61995937466667,0.305219652733333
-0.0956847939068055,0.260346774193543,0.651697646953402,0.340983684587808,347685,1.62102541633333,0.305293850966667
0.260346774193543,0.651697646953402,0.340983684587808,0.585168738351243,347.8325,1.622091458,0.3053680492
0.651697646953402,0.340983684587808,0.585168738351243,0.634417394265238,347.98,1.62315749966667,0.305442247433333
0.340983684587808,0.585168738351243,0.634417394265238,0.536416378136206,348.1275,1.62422354133333,0.305516445666667
0.585168738351243,0.634417394265238,0.536416378136206,0.243708528673842,348275,1.625289583,0.3055906439
0.634417394265238,0.536416378136206,0.243708528673842,0.577398842293906,348.4225,1.62635562466667,0.305664842133333
0.536416378136206,0.243708528673842,0.577398842293906,0.638344955197134,348.57,1.62742166633333,0.305739040366667
0.243708528673842,0.577398842293906,0.638344955197134,0.404164621863803,348.7175,1.628487708,0.3058132386
0.577398842293906,0.638344955197134,0.404164621863803,0.593534421146945,348865,1.62955374966667,0.305887436833333
0.638344955197134,0.404164621863803,0.593534421146945,0.43038298387097,349.0125,1.63061979133333,0.305961635066667
0.404164621863803,0.593534421146945,0.43038298387097,0.144805996415766,349.16,1.631685833,0.3060358333
0.593534421146945,0.43038298387097,0.144805996415766,0.279408646953399,349.36,1.63244548583333,0.306119791633333
0.43038298387097,0.144805996415766,0.279408646953399,0.123518795698924,349.56,1.63320513866667,0.306203749966667
0.144805996415766,0.279408646953399,0.123518795698924,-0.149165817204302,349.76,1.6339647915,0.3062877083
0.279408646953399,0.123518795698924,-0.149165817204302,-0.252519939068097,349.96,1.63472444433333,0.306371666633333
0.123518795698924,-0.149165817204302,-0.252519939068097,-0.0912622885304693,350.16,1.63548409716667,0.306455624966667
-0.149165817204302,-0.252519939068097,-0.0912622885304693,-0.0160025824372703,350.36,1.63624375,0.3065395833
-0.252519939068097,-0.0912622885304693,-0.0160025824372703,-0.119317602150538,350.56,1.63700340283333,0.306623541633333
-0.0912622885304693,-0.0160025824372703,-0.119317602150538,-0.515812044802871,350.76,1.63776305566667,0.306707499966667
-0.0160025824372703,-0.119317602150538,-0.515812044802871,-0.209250822580643,350.96,1.6385227085,0.3067914583
-0.119317602150538,-0.515812044802871,-0.209250822580643,0.17927008781361,351.16,1.63928236133333,0.306875416633333
-0.515812044802871,-0.209250822580643,0.17927008781361,0.0956673172043097,351.36,1.64004201416667,0.306959374966667
-0.209250822580643,0.17927008781361,0.0956673172043097,-0.514978003584229,351.56,1.640801667,0.3070433333
0.17927008781361,0.0956673172043097,-0.514978003584229,-0.351669575268826,351.685833333333,1.64201576416667,0.30713715275
0.0956673172043097,-0.514978003584229,-0.351669575268826,-0.112851759856635,351.811666666667,1.64322986133333,0.3072309722
-0.514978003584229,-0.351669575268826,-0.112851759856635,-0.186973706093198,351.9375,1.6444439585,0.30732479165
-0.351669575268826,-0.112851759856635,-0.186973706093198,-0.0283369390680974,352.063333333333,1.64565805566667,0.3074186111
-0.112851759856635,-0.186973706093198,-0.0283369390680974,0.232999378136203,352.189166666667,1.64687215283333,0.30751243055
-0.186973706093198,-0.0283369390680974,0.232999378136203,0.121757306451613,352315,1.64808625,0.30760625
-0.0283369390680974,0.232999378136203,0.121757306451613,0.142012842293902,352.440833333333,1.64930034716667,0.30770006945
0.232999378136203,0.121757306451613,0.142012842293902,-0.437044600358423,352.566666666667,1.65051444433333,0.3077938889
0.121757306451613,0.142012842293902,-0.437044600358423,-0.101575600358416,352.6925,1.6517285415,0.30788770835
0.142012842293902,-0.437044600358423,-0.101575600358416,0.0356891989247181,352.818333333333,1.65294263866667,0.3079815278
-0.437044600358423,-0.101575600358416,0.0356891989247181,0.357213094982086,352.944166666667,1.65415673583333,0.30807534725
-0.101575600358416,0.0356891989247181,0.357213094982086,0.350860774193546,353.07,1.655370833,0.3081691667
0.0356891989247181,0.357213094982086,0.350860774193546,0.311106202508952,353.176666666667,1.65613243025,0.308230763916667
0.357213094982086,0.350860774193546,0.311106202508952,0.211858017921138,353.283333333333,1.6568940275,0.308292361133333
0.350860774193546,0.311106202508952,0.211858017921138,0.027813293906803,353.39,1.65765562475,0.30835395835
0.311106202508952,0.211858017921138,0.027813293906803,0.0873922831541272,353.496666666667,1.658417222,0.308415555566667
0.211858017921138,0.027813293906803,0.0873922831541272,-0.0235278440860185,353.603333333333,1.65917881925,0.308477152783333
0.027813293906803,0.0873922831541272,-0.0235278440860185,-0.139519804659489,353.71,1.6599404165,0.30853875
0.0873922831541272,-0.0235278440860185,-0.139519804659489,-0.059733824372767,353.816666666667,1.66070201375,0.308600347216667
-0.0235278440860185,-0.139519804659489,-0.059733824372767,0.0688580663082448,353.923333333333,1.661463611,0.308661944433333
-0.139519804659489,-0.059733824372767,0.0688580663082448,0.00581239964157732,354.03,1.66222520825,0.30872354165
-0.059733824372767,0.0688580663082448,0.00581239964157732,0.266902198924722,354.136666666667,1.6629868055,0.308785138866667
0.0688580663082448,0.00581239964157732,0.266902198924722,-0.0358145716845897,354.243333333333,1.66374840275,0.308846736083333
0.00581239964157732,0.266902198924722,-0.0358145716845897,0.00706832974909588,354.35,1.66451,0.3089083333
0.266902198924722,-0.0358145716845897,0.00706832974909588,-0.101451575268829,354.451666666667,1.66516840275,0.308977430525
-0.0358145716845897,0.00706832974909588,-0.101451575268829,0.0582146845878064,354.553333333333,1.6658268055,0.30904652775
0.00706832974909588,-0.101451575268829,0.0582146845878064,-0.173897039426524,354655,1.66648520825,0.309115624975
-0.101451575268829,0.0582146845878064,-0.173897039426524,-0.4522779390681,354.756666666667,1.667143611,0.3091847222
0.0582146845878064,-0.173897039426524,-0.4522779390681,-0.271852844086016,354.858333333333,1.66780201375,0.309253819425
-0.173897039426524,-0.4522779390681,-0.271852844086016,-0.670029915770609,354.96,1.6684604165,0.30932291665
-0.4522779390681,-0.271852844086016,-0.670029915770609,-0.44007004659499,355.061666666667,1.66911881925,0.309392013875
-0.271852844086016,-0.670029915770609,-0.44007004659499,0.0749081774193527,355.163333333333,1.669777222,0.3094611111
-0.670029915770609,-0.44007004659499,0.0749081774193527,0.098396732974912,355265,1.67043562475,0.309530208325
-0.44007004659499,0.0749081774193527,0.098396732974912,-0.556046689964166,355.366666666667,1.6710940275,0.30959930555
0.0749081774193527,0.098396732974912,-0.556046689964166,-0.327118127240141,355.468333333333,1.67175243025,0.309668402775
0.098396732974912,-0.556046689964166,-0.327118127240141,0.231153218637989,355.57,1.672410833,0.3097375
-0.556046689964166,-0.327118127240141,0.231153218637989,0.385417424731177,355.6375,1.67360930525,0.309751701391667
-0.327118127240141,0.231153218637989,0.385417424731177,-0.004608204301082,355705,1.6748077775,0.309765902783333
0.231153218637989,0.385417424731177,-0.004608204301082,-0.0839140394265314,355.7725,1.67600624975,0.309780104175
0.385417424731177,-0.004608204301082,-0.0839140394265314,-0.115089050179211,355.84,1.677204722,0.309794305566667
-0.004608204301082,-0.0839140394265314,-0.115089050179211,-0.191929732974909,355.9075,1.67840319425,0.309808506958333
-0.0839140394265314,-0.115089050179211,-0.191929732974909,-0.250377471326161,355975,1.6796016665,0.30982270835
-0.115089050179211,-0.191929732974909,-0.250377471326161,-0.352638046594986,356.0425,1.68080013875,0.309836909741667
-0.191929732974909,-0.250377471326161,-0.352638046594986,-0.0236677114695389,356.11,1.681998611,0.309851111133333
-0.250377471326161,-0.352638046594986,-0.0236677114695389,0.0502673996415801,356.1775,1.68319708325,0.309865312525
-0.352638046594986,-0.0236677114695389,0.0502673996415801,0.21456286559139,356245,1.6843955555,0.309879513916667
-0.0236677114695389,0.0502673996415801,0.21456286559139,0.241314650537632,356.3125,1.68559402775,0.309893715308333
0.0502673996415801,0.21456286559139,0.241314650537632,0.367835551971318,356.38,1.6867925,0.3099079167
0.21456286559139,0.241314650537632,0.367835551971318,0.373250424731172,356.4375,1.68690763891667,0.309941402808333
0.241314650537632,0.367835551971318,0.373250424731172,0.329904906810036,356495,1.68702277783333,0.309974888916667
0.367835551971318,0.373250424731172,0.329904906810036,0.336436738351246,356.5525,1.68713791675,0.310008375025
0.373250424731172,0.329904906810036,0.336436738351246,0.365203838709679,356.61,1.68725305566667,0.310041861133333
0.329904906810036,0.336436738351246,0.365203838709679,0.448598600358427,356.6675,1.68736819458333,0.310075347241667
0.336436738351246,0.365203838709679,0.448598600358427,0.32540019534051,356725,1.6874833335,0.31010883335
0.365203838709679,0.448598600358427,0.32540019534051,0.135423620071677,356.7825,1.68759847241667,0.310142319458333
0.448598600358427,0.32540019534051,0.135423620071677,0.39663051075269,356.84,1.68771361133333,0.310175805566667
0.32540019534051,0.135423620071677,0.39663051075269,0.164139510752687,356.8975,1.68782875025,0.310209291675
0.135423620071677,0.39663051075269,0.164139510752687,0.0861940878136096,356955,1.68794388916667,0.310242777783333
0.39663051075269,0.164139510752687,0.0861940878136096,0.0541502060931904,357.0125,1.68805902808333,0.310276263891667
0.164139510752687,0.0861940878136096,0.0541502060931904,-0.197450336917573,357.07,1.688174167,0.31030975
0.0861940878136096,0.0541502060931904,-0.197450336917573,-0.132157130824378,357.215833333333,1.68855000033333,0.310361618058333
0.0541502060931904,-0.197450336917573,-0.132157130824378,-0.180485204301085,357.361666666667,1.68892583366667,0.310413486116667
-0.197450336917573,-0.132157130824378,-0.180485204301085,-0.116527150537642,357.5075,1.689301667,0.310465354175
-0.132157130824378,-0.180485204301085,-0.116527150537642,-0.0815606057347651,357.653333333333,1.68967750033333,0.310517222233333
-0.180485204301085,-0.116527150537642,-0.0815606057347651,-0.112090955197132,357.799166666667,1.69005333366667,0.310569090291667
-0.116527150537642,-0.0815606057347651,-0.112090955197132,-0.127651137992828,357945,1.690429167,0.31062095835
-0.0815606057347651,-0.112090955197132,-0.127651137992828,-0.109298268817213,358.090833333333,1.69080500033333,0.310672826408333
-0.112090955197132,-0.127651137992828,-0.109298268817213,-0.0522270448028728,358.236666666667,1.69118083366667,0.310724694466667
-0.127651137992828,-0.109298268817213,-0.0522270448028728,0.03655051075269,358.3825,1.691556667,0.310776562525
-0.109298268817213,-0.0522270448028728,0.03655051075269,0.0855466433691632,358.528333333333,1.69193250033333,0.310828430583333
-0.0522270448028728,0.03655051075269,0.0855466433691632,0.430176094982077,358.674166666667,1.69230833366667,0.310880298641667
0.03655051075269,0.0855466433691632,0.430176094982077,-0.0489846702509027,358.82,1.692684167,0.3109321667
0.0855466433691632,0.430176094982077,-0.0489846702509027,0.0275097580645109,358985,1.69334555583333,0.310996423641667
0.430176094982077,-0.0489846702509027,0.0275097580645109,0.0293726845878055,359.15,1.69400694466667,0.311060680583333
-0.0489846702509027,0.0275097580645109,0.0293726845878055,0.00441384946235957,359315,1.6946683335,0.311124937525
0.0275097580645109,0.0293726845878055,0.00441384946235957,0.0317571720430188,359.48,1.69532972233333,0.311189194466667
0.0293726845878055,0.00441384946235957,0.0317571720430188,-0.104586844086018,359645,1.69599111116667,0.311253451408333
0.00441384946235957,0.0317571720430188,-0.104586844086018,-0.0584389157705978,359.81,1.6966525,0.31131770835
0.0317571720430188,-0.104586844086018,-0.0584389157705978,-0.592289046594992,359975,1.69731388883333,0.311381965291667
-0.104586844086018,-0.0584389157705978,-0.592289046594992,0.0275348440860164,360.14,1.69797527766667,0.311446222233333
-0.0584389157705978,-0.592289046594992,0.0275348440860164,-0.013833155913975,360305,1.6986366665,0.311510479175
-0.592289046594992,0.0275348440860164,-0.013833155913975,0.296378754480276,360.47,1.69929805533333,0.311574736116667
0.0275348440860164,-0.013833155913975,0.296378754480276,0.063966094982078,360635,1.69995944416667,0.311638993058333
-0.013833155913975,0.296378754480276,0.063966094982078,-0.206711448028678,360.8,1.700620833,0.31170325
0.296378754480276,0.063966094982078,-0.206711448028678,0.0485930913978372,360.949166666667,1.700802708,0.311781541666667
0.063966094982078,-0.206711448028678,0.0485930913978372,-0.027299982078862,361.098333333333,1.700984583,0.311859833333333
-0.206711448028678,0.0485930913978372,-0.027299982078862,-0.0229088172043106,361.2475,1.701166458,0.311938125
0.0485930913978372,-0.027299982078862,-0.0229088172043106,0.0296905053763403,361.396666666667,1.701348333,0.312016416666667
-0.027299982078862,-0.0229088172043106,0.0296905053763403,0.0359673781362062,361.545833333333,1.701530208,0.312094708333333
-0.0229088172043106,0.0296905053763403,0.0359673781362062,-0.0289453602150509,361695,1.701712083,0.312173
0.0296905053763403,0.0359673781362062,-0.0289453602150509,-0.112334713261653,361.844166666667,1.701893958,0.312251291666667
0.0359673781362062,-0.0289453602150509,-0.112334713261653,0.268706621863796,361.993333333333,1.702075833,0.312329583333333
-0.0289453602150509,-0.112334713261653,0.268706621863796,0.173490621863802,362.1425,1.702257708,0.312407875
-0.112334713261653,0.268706621863796,0.173490621863802,-0.0837879121863878,362.291666666667,1.702439583,0.312486166666667
0.268706621863796,0.173490621863802,-0.0837879121863878,-0.0587067939068078,362.440833333333,1.702621458,0.312564458333333
0.173490621863802,-0.0837879121863878,-0.0587067939068078,-0.297668225806458,362.59,1.702803333,0.31264275
-0.0837879121863878,-0.0587067939068078,-0.297668225806458,-0.333311353046607,362.683333333333,1.70330381916667,0.312701090275
-0.0587067939068078,-0.297668225806458,-0.333311353046607,0.0814206845878083,362.776666666667,1.70380430533333,0.31275943055
-0.297668225806458,-0.333311353046607,0.0814206845878083,0.0074061827956875,362.87,1.7043047915,0.312817770825
-0.333311353046607,0.0814206845878083,0.0074061827956875,-0.0674688279569828,362.963333333333,1.70480527766667,0.3128761111
0.0814206845878083,0.0074061827956875,-0.0674688279569828,0.192974711469539,363.056666666667,1.70530576383333,0.312934451375
0.0074061827956875,-0.0674688279569828,0.192974711469539,0.24767619534051,363.15,1.70580625,0.31299279165
-0.0674688279569828,0.192974711469539,0.24767619534051,0.209344953405008,363.243333333333,1.70630673616667,0.313051131925
0.192974711469539,0.24767619534051,0.209344953405008,0.476413510752685,363.336666666667,1.70680722233333,0.3131094722
0.24767619534051,0.209344953405008,0.476413510752685,0.609684177419361,363.43,1.7073077085,0.313167812475
0.209344953405008,0.476413510752685,0.609684177419361,1.38666508781361,363.523333333333,1.70780819466667,0.31322615275
0.476413510752685,0.609684177419361,1.38666508781361,1.14236065053764,363.616666666667,1.70830868083333,0.313284493025
0.609684177419361,1.38666508781361,1.14236065053764,1.28336888530466,363.71,1.708809167,0.3133428333
1.38666508781361,1.14236065053764,1.28336888530466,1.09915120250895,363955,1.7094278475,0.313418381916667
1.14236065053764,1.28336888530466,1.09915120250895,0.698630240143363,364.2,1.710046528,0.313493930533333
1.28336888530466,1.09915120250895,0.698630240143363,0.615245405017919,364445,1.7106652085,0.31356947915
1.09915120250895,0.698630240143363,0.615245405017919,0.484766838709678,364.69,1.711283889,0.313645027766667
0.698630240143363,0.615245405017919,0.484766838709678,0.492439600358424,364935,1.7119025695,0.313720576383333
0.615245405017919,0.484766838709678,0.492439600358424,0.426175862007177,365.18,1.71252125,0.313796125
0.484766838709678,0.492439600358424,0.426175862007177,0.349993620071675,365425,1.7131399305,0.313871673616667
0.492439600358424,0.426175862007177,0.349993620071675,0.304897066308239,365.67,1.713758611,0.313947222233333
0.426175862007177,0.349993620071675,0.304897066308239,0.254068844086024,365915,1.7143772915,0.31402277085
0.349993620071675,0.304897066308239,0.254068844086024,0.174234087813609,366.16,1.714995972,0.314098319466667
0.304897066308239,0.254068844086024,0.174234087813609,0.0742514283154172,366405,1.7156146525,0.314173868083333
0.254068844086024,0.174234087813609,0.0742514283154172,0.074903107526886,366.65,1.716233333,0.3142494167
0.174234087813609,0.0742514283154172,0.074903107526886,-0.236847797491045,366.79,1.71709743025,0.3143146042
0.0742514283154172,0.074903107526886,-0.236847797491045,0.240431684587808,366.93,1.7179615275,0.3143797917
0.074903107526886,-0.236847797491045,0.240431684587808,0.144478627240137,367.07,1.71882562475,0.3144449792
-0.236847797491045,0.240431684587808,0.144478627240137,-0.0683870501792079,367.21,1.719689722,0.3145101667
0.240431684587808,0.144478627240137,-0.0683870501792079,0.0412404892473184,367.35,1.72055381925,0.3145753542
0.144478627240137,-0.0683870501792079,0.0412404892473184,-0.240439026881717,367.49,1.7214179165,0.3146405417
-0.0683870501792079,0.0412404892473184,-0.240439026881717,-0.154900379928321,367.63,1.72228201375,0.3147057292
0.0412404892473184,-0.240439026881717,-0.154900379928321,-0.109156155913983,367.77,1.723146111,0.3147709167
-0.240439026881717,-0.154900379928321,-0.109156155913983,-0.188230822580639,367.91,1.72401020825,0.3148361042
-0.154900379928321,-0.109156155913983,-0.188230822580639,-0.253263356630828,368.05,1.7248743055,0.3149012917
-0.109156155913983,-0.188230822580639,-0.253263356630828,-0.0643366827957017,368.19,1.72573840275,0.3149664792
-0.188230822580639,-0.253263356630828,-0.0643366827957017,-0.232439336917569,368.33,1.7266025,0.3150316667
-0.253263356630828,-0.0643366827957017,-0.232439336917569,0.0604202025089542,368.429166666667,1.72678902775,0.315094458366667
-0.0643366827957017,-0.232439336917569,0.0604202025089542,-0.020379982078861,368.528333333333,1.7269755555,0.315157250033333
-0.232439336917569,0.0604202025089542,-0.020379982078861,-0.200590261648752,368.6275,1.72716208325,0.3152200417
0.0604202025089542,-0.020379982078861,-0.200590261648752,-0.0520271612903187,368.726666666667,1.727348611,0.315282833366667
-0.020379982078861,-0.200590261648752,-0.0520271612903187,-0.164681066308241,368.825833333333,1.72753513875,0.315345625033333
-0.200590261648752,-0.0520271612903187,-0.164681066308241,0.033339306451623,368925,1.7277216665,0.3154084167
-0.0520271612903187,-0.164681066308241,0.033339306451623,0.0170289534050134,369.024166666667,1.72790819425,0.315471208366667
-0.164681066308241,0.033339306451623,0.0170289534050134,-0.226992822580648,369.123333333333,1.728094722,0.315534000033333
0.033339306451623,0.0170289534050134,-0.226992822580648,-0.207869155913979,369.2225,1.72828124975,0.3155967917
0.0170289534050134,-0.226992822580648,-0.207869155913979,0.131713532258061,369.321666666667,1.7284677775,0.315659583366667
-0.226992822580648,-0.207869155913979,0.131713532258061,0.0364427616487397,369.420833333333,1.72865430525,0.315722375033333
-0.207869155913979,0.131713532258061,0.0364427616487397,-0.208805892473123,369.52,1.728840833,0.3157851667
0.131713532258061,0.0364427616487397,-0.208805892473123,0.499358980286733,369.654166666667,1.72868354133333,0.3158459792
0.0364427616487397,-0.208805892473123,0.499358980286733,-0.0904583154121923,369.788333333333,1.72852624966667,0.3159067917
-0.208805892473123,0.499358980286733,-0.0904583154121923,0.119374405017918,369.9225,1.728368958,0.3159676042
0.499358980286733,-0.0904583154121923,0.119374405017918,-0.0633092724014297,370.056666666667,1.72821166633333,0.3160284167
-0.0904583154121923,0.119374405017918,-0.0633092724014297,0.0104593781362006,370.190833333333,1.72805437466667,0.3160892292
0.119374405017918,-0.0633092724014297,0.0104593781362006,0.0237940842293938,370325,1.727897083,0.3161500417
-0.0633092724014297,0.0104593781362006,0.0237940842293938,0.111875953405008,370.459166666667,1.72773979133333,0.3162108542
0.0104593781362006,0.0237940842293938,0.111875953405008,0.219645510752688,370.593333333333,1.72758249966667,0.3162716667
0.0237940842293938,0.111875953405008,0.219645510752688,-0.482812044802863,370.7275,1.727425208,0.3163324792
0.111875953405008,0.219645510752688,-0.482812044802863,0.112364643369169,370.861666666667,1.72726791633333,0.3163932917
0.219645510752688,-0.482812044802863,0.112364643369169,-0.119757238351252,370.995833333333,1.72711062466667,0.3164541042
-0.482812044802863,0.112364643369169,-0.119757238351252,-0.00832589247312043,371.13,1.726953333,0.3165149167
0.112364643369169,-0.119757238351252,-0.00832589247312043,0.176832202508951,371.304166666667,1.727051458,0.316562020866667
-0.119757238351252,-0.00832589247312043,0.176832202508951,-0.0519827598566316,371.478333333333,1.727149583,0.316609125033333
-0.00832589247312043,0.176832202508951,-0.0519827598566316,0.222873960573477,371.6525,1.727247708,0.3166562292
0.176832202508951,-0.0519827598566316,0.222873960573477,0.171217394265231,371.826666666667,1.727345833,0.316703333366667
-0.0519827598566316,0.222873960573477,0.171217394265231,0.167532489247314,372.000833333333,1.727443958,0.316750437533333
0.222873960573477,0.171217394265231,0.167532489247314,0.0136664175627281,372175,1.727542083,0.3167975417
0.171217394265231,0.167532489247314,0.0136664175627281,0.0491235089605624,372.349166666667,1.727640208,0.316844645866667
0.167532489247314,0.0136664175627281,0.0491235089605624,0.331388177419353,372.523333333333,1.727738333,0.316891750033333
0.0136664175627281,0.0491235089605624,0.331388177419353,0.598543621863801,372.6975,1.727836458,0.3169388542
0.0491235089605624,0.331388177419353,0.598543621863801,0.0569683100358347,372.871666666667,1.727934583,0.316985958366667
0.331388177419353,0.598543621863801,0.0569683100358347,-0.0503076827956974,373.045833333333,1.728032708,0.317033062533333
0.598543621863801,0.0569683100358347,-0.0503076827956974,0.256381774193546,373.22,1.728130833,0.3170801667
0.0569683100358347,-0.0503076827956974,0.256381774193546,0.288486646953402,373.4325,1.72823555525,0.31714390975
-0.0503076827956974,0.256381774193546,0.288486646953402,0.0969209068100305,373645,1.7283402775,0.3172076528
0.256381774193546,0.288486646953402,0.0969209068100305,0.346344738351249,373.8575,1.72844499975,0.31727139585
0.288486646953402,0.0969209068100305,0.346344738351249,0.434923283154127,374.07,1.728549722,0.3173351389
0.0969209068100305,0.346344738351249,0.434923283154127,0.422447378136198,374.2825,1.72865444425,0.31739888195
0.346344738351249,0.434923283154127,0.422447378136198,0.328251639784956,374495,1.7287591665,0.317462625
0.434923283154127,0.422447378136198,0.328251639784956,0.292561175627235,374.7075,1.72886388875,0.31752636805
0.422447378136198,0.328251639784956,0.292561175627235,0.432241066308244,374.92,1.728968611,0.3175901111
0.328251639784956,0.292561175627235,0.432241066308244,0.00158328853047252,375.1325,1.72907333325,0.31765385415
0.292561175627235,0.432241066308244,0.00158328853047252,-0.0392220232974942,375345,1.7291780555,0.3177175972
0.432241066308244,0.00158328853047252,-0.0392220232974942,0.328599428315414,375.5575,1.72928277775,0.31778134025
0.00158328853047252,-0.0392220232974942,0.328599428315414,0.383584774193544,375.77,1.7293875,0.3178450833
-0.0392220232974942,0.328599428315414,0.383584774193544,0.352543869175612,375.913333333333,1.72933569441667,0.317889951358333
0.328599428315414,0.383584774193544,0.352543869175612,0.0246393512544749,376.056666666667,1.72928388883333,0.317934819416667
0.383584774193544,0.352543869175612,0.0246393512544749,0.00383051612902818,376.2,1.72923208325,0.317979687475
0.352543869175612,0.0246393512544749,0.00383051612902818,0.158105172043008,376.343333333333,1.72918027766667,0.318024555533333
0.0246393512544749,0.00383051612902818,0.158105172043008,0.199230044802874,376.486666666667,1.72912847208333,0.318069423591667
0.00383051612902818,0.158105172043008,0.199230044802874,0.329942973118285,376.63,1.7290766665,0.31811429165
0.158105172043008,0.199230044802874,0.329942973118285,0.312026397849454,376.773333333333,1.72902486091667,0.318159159708333
0.199230044802874,0.329942973118285,0.312026397849454,0.494573288530461,376.916666666667,1.72897305533333,0.318204027766667
0.329942973118285,0.312026397849454,0.494573288530461,0.914962510752691,377.06,1.72892124975,0.318248895825
0.312026397849454,0.494573288530461,0.914962510752691,0.783651310035836,377.203333333333,1.72886944416667,0.318293763883333
0.494573288530461,0.914962510752691,0.783651310035836,0.631756761648745,377.346666666667,1.72881763858333,0.318338631941667
0.914962510752691,0.783651310035836,0.631756761648745,0.549212218637987,377.49,1.728765833,0.3183835
0.783651310035836,0.631756761648745,0.549212218637987,0.0719687580645072,377.6825,1.72860979133333,0.318448048608333
0.631756761648745,0.549212218637987,0.0719687580645072,0.0876515734766983,377875,1.72845374966667,0.318512597216667
0.549212218637987,0.0719687580645072,0.0876515734766983,0.20544318279569,378.0675,1.728297708,0.318577145825
0.0719687580645072,0.0876515734766983,0.20544318279569,0.10974483870968,378.26,1.72814166633333,0.318641694433333
0.0876515734766983,0.20544318279569,0.10974483870968,0.217182044802868,378.4525,1.72798562466667,0.318706243041667
0.20544318279569,0.10974483870968,0.217182044802868,0.236068306451617,378645,1.727829583,0.31877079165
0.10974483870968,0.217182044802868,0.236068306451617,0.3901488422939,378.8375,1.72767354133333,0.318835340258333
0.217182044802868,0.236068306451617,0.3901488422939,0.0807075107526849,379.03,1.72751749966667,0.318899888866667
0.236068306451617,0.3901488422939,0.0807075107526849,0.276402510752693,379.2225,1.727361458,0.318964437475
0.3901488422939,0.0807075107526849,0.276402510752693,0.551727198924727,379415,1.72720541633333,0.319028986083333
0.0807075107526849,0.276402510752693,0.551727198924727,0.420347761648745,379.6075,1.72704937466667,0.319093534691667
0.276402510752693,0.551727198924727,0.420347761648745,0.0799284408602077,379.8,1.726893333,0.3191580833
0.551727198924727,0.420347761648745,0.0799284408602077,0.0917542025089517,379975,1.72688944416667,0.31920996525
0.420347761648745,0.0799284408602077,0.0917542025089517,0.0392489068100268,380.15,1.72688555533333,0.3192618472
0.0799284408602077,0.0917542025089517,0.0392489068100268,0.224715182795688,380325,1.7268816665,0.31931372915
0.0917542025089517,0.0392489068100268,0.224715182795688,0.278254394265236,380.5,1.72687777766667,0.3193656111
0.0392489068100268,0.224715182795688,0.278254394265236,0.195443378136204,380675,1.72687388883333,0.31941749305
0.224715182795688,0.278254394265236,0.195443378136204,0.335905639784951,380.85,1.72687,0.319469375
0.278254394265236,0.195443378136204,0.335905639784951,0.158117731182788,381025,1.72686611116667,0.31952125695
0.195443378136204,0.335905639784951,0.158117731182788,0.452068177419349,381.2,1.72686222233333,0.3195731389
0.335905639784951,0.158117731182788,0.452068177419349,0.779973177419354,381375,1.7268583335,0.31962502085
0.158117731182788,0.452068177419349,0.779973177419354,0.0812450878136133,381.55,1.72685444466667,0.3196769028
0.452068177419349,0.779973177419354,0.0812450878136133,-0.104802016129032,381725,1.72685055583333,0.31972878475
0.779973177419354,0.0812450878136133,-0.104802016129032,0.0618754408602165,381.9,1.726846667,0.3197806667
0.0812450878136133,-0.104802016129032,0.0618754408602165,0.196702646953394,382055,1.7273365975,0.3198731042
-0.104802016129032,0.0618754408602165,0.196702646953394,-0.019183759856638,382.21,1.727826528,0.3199655417
0.0618754408602165,0.196702646953394,-0.019183759856638,0.230678738351248,382365,1.7283164585,0.3200579792
0.196702646953394,-0.019183759856638,0.230678738351248,0.00946683870968101,382.52,1.728806389,0.3201504167
-0.019183759856638,0.230678738351248,0.00946683870968101,-0.150152177419354,382675,1.7292963195,0.3202428542
0.230678738351248,0.00946683870968101,-0.150152177419354,-0.111559026881711,382.83,1.72978625,0.3203352917
0.00946683870968101,-0.150152177419354,-0.111559026881711,0.149011731182792,382985,1.7302761805,0.3204277292
-0.150152177419354,-0.111559026881711,0.149011731182792,0.0142850663082399,383.14,1.730766111,0.3205201667
-0.111559026881711,0.149011731182792,0.0142850663082399,-0.0516046003584236,383295,1.7312560415,0.3206126042
0.149011731182792,0.0142850663082399,-0.0516046003584236,0.402584421146948,383.45,1.731745972,0.3207050417
0.0142850663082399,-0.0516046003584236,0.402584421146948,-0.150992905017919,383605,1.7322359025,0.3207974792
-0.0516046003584236,0.402584421146948,-0.150992905017919,-0.090480114695346,383.76,1.732725833,0.3208899167
0.402584421146948,-0.150992905017919,-0.090480114695346,0.00682398028672893,383.9125,1.73334624966667,0.320948013916667
-0.150992905017919,-0.090480114695346,0.00682398028672893,-0.142724093189969,384065,1.73396666633333,0.321006111133333
-0.090480114695346,0.00682398028672893,-0.142724093189969,-0.103323150537641,384.2175,1.734587083,0.32106420835
0.00682398028672893,-0.142724093189969,-0.103323150537641,-0.00217493906810162,384.37,1.73520749966667,0.321122305566667
-0.142724093189969,-0.103323150537641,-0.00217493906810162,0.308609267025091,384.5225,1.73582791633333,0.321180402783333
-0.103323150537641,-0.00217493906810162,0.308609267025091,0.287325306451617,384675,1.736448333,0.3212385
-0.00217493906810162,0.308609267025091,0.287325306451617,0.420166175627234,384.8275,1.73706874966667,0.321296597216667
0.308609267025091,0.287325306451617,0.420166175627234,0.261150844086014,384.98,1.73768916633333,0.321354694433333
0.287325306451617,0.420166175627234,0.261150844086014,0.347823955197139,385.1325,1.738309583,0.32141279165
0.420166175627234,0.261150844086014,0.347823955197139,-0.101864467741937,385285,1.73892999966667,0.321470888866667
0.261150844086014,0.347823955197139,-0.101864467741937,0.249347539426527,385.4375,1.73955041633333,0.321528986083333
0.347823955197139,-0.101864467741937,0.249347539426527,0.073484885304655,385.59,1.740170833,0.3215870833
-0.101864467741937,0.249347539426527,0.073484885304655,-0.257304019713271,385.738333333333,1.74049576358333,0.321655097191667
0.249347539426527,0.073484885304655,-0.257304019713271,0.129748795698927,385.886666666667,1.74082069416667,0.321723111083333
0.073484885304655,-0.257304019713271,0.129748795698927,0.165966293906802,386035,1.74114562475,0.321791124975
-0.257304019713271,0.129748795698927,0.165966293906802,0.260200838709689,386.183333333333,1.74147055533333,0.321859138866667
0.129748795698927,0.165966293906802,0.260200838709689,0.49672726702509,386.331666666667,1.74179548591667,0.321927152758333
0.165966293906802,0.260200838709689,0.49672726702509,0.364639973118287,386.48,1.7421204165,0.32199516665
0.260200838709689,0.49672726702509,0.364639973118287,0.363452842293903,386.628333333333,1.74244534708333,0.322063180541667
0.49672726702509,0.364639973118287,0.363452842293903,0.487254955197134,386.776666666667,1.74277027766667,0.322131194433333
0.364639973118287,0.363452842293903,0.487254955197134,0.358507510752695,386925,1.74309520825,0.322199208325
0.363452842293903,0.487254955197134,0.358507510752695,0.995023532258056,387.073333333333,1.74342013883333,0.322267222216667
0.487254955197134,0.358507510752695,0.995023532258056,1.28005942831541,387.221666666667,1.74374506941667,0.322335236108333
0.358507510752695,0.995023532258056,1.28005942831541,0.842956107526877,387.37,1.74407,0.32240325
0.995023532258056,1.28005942831541,0.842956107526877,1.03570120250895,387.576666666667,1.74467319441667,0.322482340275
1.28005942831541,0.842956107526877,1.03570120250895,0.723089351254476,387.783333333333,1.74527638883333,0.32256143055
0.842956107526877,1.03570120250895,0.723089351254476,0.529795960573477,387.99,1.74587958325,0.322640520825
1.03570120250895,0.723089351254476,0.529795960573477,0.221889394265229,388.196666666667,1.74648277766667,0.3227196111
0.723089351254476,0.529795960573477,0.221889394265229,0.149728933691758,388.403333333333,1.74708597208333,0.322798701375
0.529795960573477,0.221889394265229,0.149728933691758,0.460358084229391,388.61,1.7476891665,0.32287779165
0.221889394265229,0.149728933691758,0.460358084229391,0.421615064516121,388.816666666667,1.74829236091667,0.322956881925
0.149728933691758,0.460358084229391,0.421615064516121,0.215142621863794,389.023333333333,1.74889555533333,0.3230359722
0.460358084229391,0.421615064516121,0.215142621863794,-0.210051711469525,389.23,1.74949874975,0.323115062475
0.421615064516121,0.215142621863794,-0.210051711469525,-0.0303413566308279,389.436666666667,1.75010194416667,0.32319415275
0.215142621863794,-0.210051711469525,-0.0303413566308279,0.365421317204298,389.643333333333,1.75070513858333,0.323273243025
-0.210051711469525,-0.0303413566308279,0.365421317204298,-0.0921806702509009,389.85,1.751308333,0.3233523333
-0.0303413566308279,0.365421317204298,-0.0921806702509009,-0.0148470197132689,389.998333333333,1.75186298583333,0.323439229133333
0.365421317204298,-0.0921806702509009,-0.0148470197132689,0.135291795698919,390.146666666667,1.75241763866667,0.323526124966667
-0.0921806702509009,-0.0148470197132689,0.135291795698919,0.0245945161290244,390295,1.7529722915,0.3236130208
-0.0148470197132689,0.135291795698919,0.0245945161290244,0.229792616487458,390.443333333333,1.75352694433333,0.323699916633333
0.135291795698919,0.0245945161290244,0.229792616487458,0.0654163781362058,390.591666666667,1.75408159716667,0.323786812466667
0.0245945161290244,0.229792616487458,0.0654163781362058,-0.0514868046594934,390.74,1.75463625,0.3238737083
0.229792616487458,0.0654163781362058,-0.0514868046594934,-0.288410491039432,390.888333333333,1.75519090283333,0.323960604133333
0.0654163781362058,-0.0514868046594934,-0.288410491039432,0.142965066308246,391.036666666667,1.75574555566667,0.324047499966667
-0.0514868046594934,-0.288410491039432,0.142965066308246,-0.0290333781362015,391185,1.7563002085,0.3241343958
-0.288410491039432,0.142965066308246,-0.0290333781362015,-0.230021578853055,391.333333333333,1.75685486133333,0.324221291633333
0.142965066308246,-0.0290333781362015,-0.230021578853055,0.111541983870968,391.481666666667,1.75740951416667,0.324308187466667
-0.0290333781362015,-0.230021578853055,0.111541983870968,0.448595218637987,391.63,1.757964167,0.3243950833
-0.230021578853055,0.111541983870968,0.448595218637987,0.50377542473117,391.8125,1.76214381975,0.324463798583333
0.111541983870968,0.448595218637987,0.50377542473117,0.327943351254472,391995,1.7663234725,0.324532513866667
0.448595218637987,0.50377542473117,0.327943351254472,0.361579738351246,392.1775,1.77050312525,0.32460122915
0.50377542473117,0.327943351254472,0.361579738351246,0.0433116164874576,392.36,1.774682778,0.324669944433333
0.327943351254472,0.361579738351246,0.0433116164874576,0.128886378136208,392.5425,1.77886243075,0.324738659716667
0.361579738351246,0.0433116164874576,0.128886378136208,-0.0573959157706057,392725,1.7830420835,0.324807375
0.0433116164874576,0.128886378136208,-0.0573959157706057,0.191997286738346,392.9075,1.78722173625,0.324876090283333
0.128886378136208,-0.0573959157706057,0.191997286738346,0.178150844086016,393.09,1.791401389,0.324944805566667
-0.0573959157706057,0.191997286738346,0.178150844086016,0.514928066308247,393.2725,1.79558104175,0.32501352085
0.191997286738346,0.178150844086016,0.514928066308247,0.742411754480283,393455,1.7997606945,0.325082236133333
0.178150844086016,0.514928066308247,0.742411754480283,1.04517065053764,393.6375,1.80394034725,0.325150951416667
0.514928066308247,0.742411754480283,1.04517065053764,0.650455218637987,393.82,1.80812,0.3252196667
0.742411754480283,1.04517065053764,0.650455218637987,0.391276646953401,394.041666666667,1.80856083333333,0.32530122225
1.04517065053764,0.650455218637987,0.391276646953401,0.333551795698924,394.263333333333,1.80900166666667,0.3253827778
0.650455218637987,0.391276646953401,0.333551795698924,0.352647293906802,394485,1.8094425,0.32546433335
0.391276646953401,0.333551795698924,0.352647293906802,0.35381683870968,394.706666666667,1.80988333333333,0.3255458889
0.333551795698924,0.352647293906802,0.35381683870968,0.354603600358423,394.928333333333,1.81032416666667,0.32562744445
0.352647293906802,0.35381683870968,0.354603600358423,0.223527306451619,395.15,1.810765,0.325709
0.35381683870968,0.354603600358423,0.223527306451619,-0.125002268817205,395.371666666667,1.81120583333333,0.32579055555
0.354603600358423,0.223527306451619,-0.125002268817205,0.272075510752686,395.593333333333,1.81164666666667,0.3258721111
0.223527306451619,-0.125002268817205,0.272075510752686,0.0662026218638019,395815,1.8120875,0.32595366665
-0.125002268817205,0.272075510752686,0.0662026218638019,-0.0591780232974983,396.036666666667,1.81252833333333,0.3260352222
0.272075510752686,0.0662026218638019,-0.0591780232974983,0.244254761648744,396.258333333333,1.81296916666667,0.32611677775
0.0662026218638019,-0.0591780232974983,0.244254761648744,0.514795440860215,396.48,1.81341,0.3261983333
-0.0591780232974983,0.244254761648744,0.514795440860215,0.14643431362007,396.6575,1.81417333333333,0.326291944416667
0.244254761648744,0.514795440860215,0.14643431362007,0.387045462365585,396835,1.81493666666667,0.326385555533333
0.514795440860215,0.14643431362007,0.387045462365585,0.361551738351245,397.0125,1.8157,0.32647916665
0.14643431362007,0.387045462365585,0.361551738351245,0.232111838709681,397.19,1.81646333333333,0.326572777766667
0.387045462365585,0.361551738351245,0.232111838709681,0.0631521559139792,397.3675,1.81722666666667,0.326666388883333
0.361551738351245,0.232111838709681,0.0631521559139792,0.0621445286738336,397545,1.81799,0.32676
0.232111838709681,0.0631521559139792,0.0621445286738336,-0.0186697132616551,397.7225,1.81875333333333,0.326853611116667
0.0631521559139792,0.0621445286738336,-0.0186697132616551,0.0424655107526846,397.9,1.81951666666667,0.326947222233333
0.0621445286738336,-0.0186697132616551,0.0424655107526846,0.290843288530468,398.0775,1.82028,0.32704083335
-0.0186697132616551,0.0424655107526846,0.290843288530468,0.302369754480278,398255,1.82104333333333,0.327134444466667
0.0424655107526846,0.290843288530468,0.302369754480278,0.201961539426531,398.4325,1.82180666666667,0.327228055583333
0.290843288530468,0.302369754480278,0.201961539426531,0.629753329749097,398.61,1.82257,0.3273216667
0.302369754480278,0.201961539426531,0.629753329749097,0.6229516469534,398795,1.82354416666667,0.327414861141667
0.201961539426531,0.629753329749097,0.6229516469534,0.328359684587806,398.98,1.82451833333333,0.327508055583333
0.629753329749097,0.6229516469534,0.328359684587806,0.39761662724014,399165,1.8254925,0.327601250025
0.6229516469534,0.328359684587806,0.39761662724014,0.330504838709686,399.35,1.82646666666667,0.327694444466667
0.328359684587806,0.39761662724014,0.330504838709686,0.546648044802868,399535,1.82744083333333,0.327787638908333
0.39761662724014,0.330504838709686,0.546648044802868,0.449832973118284,399.72,1.828415,0.32788083335
0.330504838709686,0.546648044802868,0.449832973118284,0.656059508960567,399905,1.82938916666667,0.327974027791667
0.546648044802868,0.449832973118284,0.656059508960567,0.751754288530467,400.09,1.83036333333333,0.328067222233333
0.449832973118284,0.656059508960567,0.751754288530467,0.347679732974914,400275,1.8313375,0.328160416675
0.656059508960567,0.751754288530467,0.347679732974914,0.595860421146945,400.46,1.83231166666667,0.328253611116667
0.751754288530467,0.347679732974914,0.595860421146945,0.813239650537632,400645,1.83328583333333,0.328346805558333
0.347679732974914,0.595860421146945,0.813239650537632,0.826622218637986,400.83,1.83426,0.32844
0.595860421146945,0.813239650537632,0.826622218637986,0.642967980286727,401.2475,1.83499833333333,0.328533333333333
0.813239650537632,0.826622218637986,0.642967980286727,0.687977795698917,401665,1.83573666666667,0.328626666666667
0.826622218637986,0.642967980286727,0.687977795698917,0.711453738351249,402.0825,1.836475,0.32872
0.642967980286727,0.687977795698917,0.711453738351249,0.776711505376344,402.5,1.83721333333333,0.328813333333333
0.687977795698917,0.711453738351249,0.776711505376344,0.60885726702509,402.9175,1.83795166666667,0.328906666666667
0.711453738351249,0.776711505376344,0.60885726702509,0.700922195340507,403335,1.83869,329
0.776711505376344,0.60885726702509,0.700922195340507,0.698468953405016,403.7525,1.83942833333333,0.329093333333333
0.60885726702509,0.700922195340507,0.698468953405016,0.572480955197129,404.17,1.84016666666667,0.329186666666667
0.700922195340507,0.698468953405016,0.572480955197129,0.420632844086022,404.5875,1.840905,0.32928
0.698468953405016,0.572480955197129,0.420632844086022,0.409043865591389,405005,1.84164333333333,0.329373333333333
0.572480955197129,0.420632844086022,0.409043865591389,0.424219539426531,405.4225,1.84238166666667,0.329466666666667
0.420632844086022,0.409043865591389,0.424219539426531,0.551718107526877,405.84,1.84312,0.32956
0.409043865591389,0.424219539426531,0.551718107526877,0.59469998028673,405.936666666667,1.84365833333333,0.329653333333333
0.424219539426531,0.551718107526877,0.59469998028673,0.648134795698915,406.033333333333,1.84419666666667,0.329746666666667
0.551718107526877,0.59469998028673,0.648134795698915,0.105411738351243,406.13,1.844735,0.32984
0.59469998028673,0.648134795698915,0.105411738351243,0.327814727598568,406.226666666667,1.84527333333333,0.329933333333333
0.648134795698915,0.105411738351243,0.327814727598568,0.124382267025091,406.323333333333,1.84581166666667,0.330026666666667
0.105411738351243,0.327814727598568,0.124382267025091,0.272154750896064,406.42,1.84635,0.33012
0.327814727598568,0.124382267025091,0.272154750896064,0.256513953405008,406.516666666667,1.84688833333333,0.330213333333333
0.124382267025091,0.272154750896064,0.256513953405008,0.456141510752683,406.613333333333,1.84742666666667,0.330306666666667
0.272154750896064,0.256513953405008,0.456141510752683,0.235242066308242,406.71,1.847965,0.3304
0.256513953405008,0.456141510752683,0.235242066308242,0.010142421146945,406.806666666667,1.84850333333333,0.330493333333333
0.456141510752683,0.235242066308242,0.010142421146945,0.444060761648746,406.903333333333,1.84904166666667,0.330586666666667
0.235242066308242,0.010142421146945,0.444060761648746,-0.0869078924731213,407,1.84958,0.33068
0.010142421146945,0.444060761648746,-0.0869078924731213,0.126639313620061,407.189166666667,1.85022583333333,0.330773333333333
0.444060761648746,-0.0869078924731213,0.126639313620061,0.315014906810028,407.378333333333,1.85087166666667,0.330866666666667
-0.0869078924731213,0.126639313620061,0.315014906810028,0.372806071684582,407.5675,1.8515175,0.33096
0.126639313620061,0.315014906810028,0.372806071684582,0.524005838709684,407.756666666667,1.85216333333333,0.331053333333333
0.315014906810028,0.372806071684582,0.524005838709684,0.508237600358424,407.945833333333,1.85280916666667,0.331146666666667
0.372806071684582,0.524005838709684,0.508237600358424,0.598725639784952,408135,1.853455,0.33124
0.524005838709684,0.508237600358424,0.598725639784952,0.527693953405013,408.324166666667,1.85410083333333,0.331333333333333
0.508237600358424,0.598725639784952,0.527693953405013,0.11982684408602,408.513333333333,1.85474666666667,0.331426666666667
0.598725639784952,0.527693953405013,0.11982684408602,0.398259510752695,408.7025,1.8553925,0.33152
0.527693953405013,0.11982684408602,0.398259510752695,0.613807310035835,408.891666666667,1.85603833333333,0.331613333333333
0.11982684408602,0.398259510752695,0.613807310035835,0.510750539426525,409.080833333333,1.85668416666667,0.331706666666667
0.398259510752695,0.613807310035835,0.510750539426525,0.613809663082431,409.27,1.85733,0.3318
0.613807310035835,0.510750539426525,0.613809663082431,0.92914331362006,409.494166666667,1.85810083333333,0.331893333333333
0.510750539426525,0.613809663082431,0.92914331362006,0.709271240143362,409.718333333333,1.85887166666667,0.331986666666667
0.613809663082431,0.92914331362006,0.709271240143362,0.494122738351248,409.9425,1.8596425,0.33208
0.92914331362006,0.709271240143362,0.494122738351248,0.415489505376346,410.166666666667,1.86041333333333,0.332173333333333
0.709271240143362,0.494122738351248,0.415489505376346,0.443960600358427,410.390833333333,1.86118416666667,0.332266666666667
0.494122738351248,0.415489505376346,0.443960600358427,0.355465750896062,410615,1.861955,0.33236
0.415489505376346,0.443960600358427,0.355465750896062,0.507818731182795,410.839166666667,1.86272583333333,0.332453333333333
0.443960600358427,0.355465750896062,0.507818731182795,0.732412066308239,411.063333333333,1.86349666666667,0.332546666666667
0.355465750896062,0.507818731182795,0.732412066308239,0.672319844086022,411.2875,1.8642675,0.33264
0.507818731182795,0.732412066308239,0.672319844086022,0.752491198924727,411.511666666667,1.86503833333333,0.332733333333333
0.732412066308239,0.672319844086022,0.752491198924727,0.675589206093196,411.735833333333,1.86580916666667,0.332826666666667
0.672319844086022,0.752491198924727,0.675589206093196,0.598530440860216,411.96,1.86658,0.33292
0.752491198924727,0.675589206093196,0.598530440860216,0.556839869175615,412.149166666667,1.86760916666667,0.333013333333333
0.675589206093196,0.598530440860216,0.556839869175615,0.359980017921139,412.338333333333,1.86863833333333,0.333106666666667
0.598530440860216,0.556839869175615,0.359980017921139,0.293741627240141,412.5275,1.8696675,0.3332
0.556839869175615,0.359980017921139,0.293741627240141,0.233426505376347,412.716666666667,1.87069666666667,0.333293333333333
0.359980017921139,0.293741627240141,0.233426505376347,0.20112293369176,412.905833333333,1.87172583333333,0.333386666666667
0.293741627240141,0.233426505376347,0.20112293369176,0.54560652867384,413095,1.872755,0.33348
0.233426505376347,0.20112293369176,0.54560652867384,0.207658731182789,413.284166666667,1.87378416666667,0.333573333333333
0.20112293369176,0.54560652867384,0.207658731182789,0.236743177419349,413.473333333333,1.87481333333333,0.333666666666667
0.54560652867384,0.207658731182789,0.236743177419349,0.1942526218638,413.6625,1.8758425,0.33376
0.207658731182789,0.236743177419349,0.1942526218638,0.463472865591388,413.851666666667,1.87687166666667,0.333853333333333
0.236743177419349,0.1942526218638,0.463472865591388,0.0642169838709705,414.040833333333,1.87790083333333,0.333946666666667
0.1942526218638,0.463472865591388,0.0642169838709705,0.294522774193545,414.23,1.87893,0.33404
0.463472865591388,0.0642169838709705,0.294522774193545,0.0903064247311782,414.23,1.8802925,0.334114782608696
0.0642169838709705,0.294522774193545,0.0903064247311782,0.198358351254477,414.23,1.881655,0.334189565217391
0.294522774193545,0.0903064247311782,0.198358351254477,0.290959516129025,414.23,1.8830175,0.334264347826087
0.0903064247311782,0.198358351254477,0.290959516129025,0.208111616487461,414.23,1.88438,0.334339130434783
0.198358351254477,0.290959516129025,0.208111616487461,0.626218378136208,414.23,1.8857425,0.334413913043478
0.290959516129025,0.208111616487461,0.626218378136208,0.663657084229396,414.23,1.887105,0.334488695652174
0.208111616487461,0.626218378136208,0.663657084229396,0.729945064516123,414.23,1.8884675,0.33456347826087
0.626218378136208,0.663657084229396,0.729945064516123,0.674117510752684,414.23,1.88983,0.334638260869565
0.663657084229396,0.729945064516123,0.674117510752684,0.190849066308246,414.23,1.8911925,0.334713043478261
0.729945064516123,0.674117510752684,0.190849066308246,0.670200421146948,414.23,1.892555,0.334787826086957
0.674117510752684,0.190849066308246,0.670200421146948,0.0815706505376319,414.23,1.8939175,0.334862608695652
0.190849066308246,0.670200421146948,0.0815706505376319,0.320896996415772,414.23,1.89528,0.334937391304348
0.670200421146948,0.0815706505376319,0.320896996415772,0.162978091397839,414.662727272727,1.89665833333333,0.335012173913043
0.0815706505376319,0.320896996415772,0.162978091397839,-0.0536323154121945,415.095454545455,1.89803666666667,0.335086956521739
0.320896996415772,0.162978091397839,-0.0536323154121945,0.137014182795696,415.528181818182,1.899415,0.335161739130435
0.162978091397839,-0.0536323154121945,0.137014182795696,0.0269768387096789,415.960909090909,1.90079333333333,0.33523652173913
-0.0536323154121945,0.137014182795696,0.0269768387096789,-0.0192911774193512,416.393636363636,1.90217166666667,0.335311304347826
0.137014182795696,0.0269768387096789,-0.0192911774193512,0.224967306451617,416.826363636364,1.90355,0.335386086956522
0.0269768387096789,-0.0192911774193512,0.224967306451617,-0.219280379928321,417.259090909091,1.90492833333333,0.335460869565217
-0.0192911774193512,0.224967306451617,-0.219280379928321,0.00516206630824456,417.691818181818,1.90630666666667,0.335535652173913
