temp,Temp_1,Temp_2,Temp_3
-0.0865019585253464,-0.501904546082944,0.0895509585253436,-0.258230603686645
-0.501904546082944,0.0895509585253436,-0.258230603686645,-0.308397380184324
0.0895509585253436,-0.258230603686645,-0.308397380184324,-0.755098661290319
-0.258230603686645,-0.308397380184324,-0.755098661290319,-0.0323221705069159
-0.308397380184324,-0.755098661290319,-0.0323221705069159,0.697489940092165
-0.755098661290319,-0.0323221705069159,0.697489940092165,1.25049275345622
-0.0323221705069159,0.697489940092165,1.25049275345622,0.519029981566813
0.697489940092165,1.25049275345622,0.519029981566813,-0.325833301843311
1.25049275345622,0.519029981566813,-0.325833301843311,-1.09851282488479
0.519029981566813,-0.325833301843311,-1.09851282488479,-0.8199788156682
-0.325833301843311,-1.09851282488479,-0.8199788156682,-0.734057974654373
-1.09851282488479,-0.8199788156682,-0.734057974654373,-0.712620184331801
-0.8199788156682,-0.734057974654373,-0.712620184331801,-0.789774175115202
-0.734057974654373,-0.712620184331801,-0.789774175115202,-0.707458808755757
-0.712620184331801,-0.789774175115202,-0.707458808755757,-0.893119661290317
-0.789774175115202,-0.707458808755757,-0.893119661290317,-0.586288313364062
-0.707458808755757,-0.893119661290317,-0.586288313364062,0.497072082949313
-0.893119661290317,-0.586288313364062,0.497072082949313,0.699656467741935
-0.586288313364062,0.497072082949313,0.699656467741935,0.110205552995392
0.497072082949313,0.699656467741935,0.110205552995392,-0.297109016129035
0.699656467741935,0.110205552995392,-0.297109016129035,-0.0702423963133647
0.110205552995392,-0.297109016129035,-0.0702423963133647,-0.332605672811059
-0.297109016129035,-0.0702423963133647,-0.332605672811059,-0.659970974654371
-0.0702423963133647,-0.332605672811059,-0.659970974654371,-0.620380612903229
-0.332605672811059,-0.659970974654371,-0.620380612903229,-0.733026317972353
-0.659970974654371,-0.620380612903229,-0.733026317972353,-0.775710237327182
-0.620380612903229,-0.733026317972353,-0.775710237327182,-0.282662089861748
-0.733026317972353,-0.775710237327182,-0.282662089861748,0.223293972350227
-0.775710237327182,-0.282662089861748,0.223293972350227,0.704290225806457
-0.282662089861748,0.223293972350227,0.704290225806457,1.50575661059908
0.223293972350227,0.704290225806457,1.50575661059908,2.05157112442396
0.704290225806457,1.50575661059908,2.05157112442396,0.346370412442393
1.50575661059908,2.05157112442396,0.346370412442393,-0.531463539170499
2.05157112442396,0.346370412442393,-0.531463539170499,-0.0538993870967808
0.346370412442393,-0.531463539170499,-0.0538993870967808,0.292324882488487
-0.531463539170499,-0.0538993870967808,0.292324882488487,-0.123562612903232
-0.0538993870967808,0.292324882488487,-0.123562612903232,-0.552826032258064
0.292324882488487,-0.123562612903232,-0.552826032258064,-0.968071380184327
-0.123562612903232,-0.552826032258064,-0.968071380184327,-0.995256089861748
-0.552826032258064,-0.968071380184327,-0.995256089861748,-0.490580313364063
-0.968071380184327,-0.995256089861748,-0.490580313364063,-0.260887774193549
-0.995256089861748,-0.490580313364063,-0.260887774193549,-0.202706817972352
-0.490580313364063,-0.260887774193549,-0.202706817972352,-0.957390589861753
-0.260887774193549,-0.202706817972352,-0.957390589861753,-0.28363744470046
-0.202706817972352,-0.957390589861753,-0.28363744470046,-0.348116967741927
-0.957390589861753,-0.28363744470046,-0.348116967741927,-0.0882996728110612
-0.28363744470046,-0.348116967741927,-0.0882996728110612,-0.173146831797229
-0.348116967741927,-0.0882996728110612,-0.173146831797229,-0.840998327188942
-0.0882996728110612,-0.173146831797229,-0.840998327188942,-0.791645460829493
-0.173146831797229,-0.840998327188942,-0.791645460829493,-0.840795951612897
-0.840998327188942,-0.791645460829493,-0.840795951612897,-0.622618232718889
-0.791645460829493,-0.840795951612897,-0.622618232718889,-0.657551027649774
-0.840795951612897,-0.622618232718889,-0.657551027649774,-0.497763345622115
-0.622618232718889,-0.657551027649774,-0.497763345622115,0.0975023248848004
-0.657551027649774,-0.497763345622115,0.0975023248848004,0.177808124423962
-0.497763345622115,0.0975023248848004,0.177808124423962,-0.222543158986173
0.0975023248848004,0.177808124423962,-0.222543158986173,0.00136431797234948
0.177808124423962,-0.222543158986173,0.00136431797234948,-0.220403244239638
-0.222543158986173,0.00136431797234948,-0.220403244239638,0.0872275967741984
0.00136431797234948,-0.220403244239638,0.0872275967741984,-0.1507861843318
-0.220403244239638,0.0872275967741984,-0.1507861843318,-0.467624460829498
0.0872275967741984,-0.1507861843318,-0.467624460829498,-0.715557951612901
-0.1507861843318,-0.467624460829498,-0.715557951612901,-0.724582661290317
-0.467624460829498,-0.715557951612901,-0.724582661290317,-0.328576741935489
-0.715557951612901,-0.724582661290317,-0.328576741935489,-0.310919774193543
-0.724582661290317,-0.328576741935489,-0.310919774193543,-0.401990817972344
-0.328576741935489,-0.310919774193543,-0.401990817972344,0.0713291244239613
-0.310919774193543,-0.401990817972344,0.0713291244239613,-0.578519301843315
-0.401990817972344,0.0713291244239613,-0.578519301843315,-0.672946824884786
0.0713291244239613,-0.578519301843315,-0.672946824884786,-0.712907101382491
-0.578519301843315,-0.672946824884786,-0.712907101382491,-0.446863260368655
-0.672946824884786,-0.712907101382491,-0.446863260368655,-0.42344247004608
-0.712907101382491,-0.446863260368655,-0.42344247004608,-0.430675175115209
-0.446863260368655,-0.42344247004608,-0.430675175115209,-0.403611951612895
-0.42344247004608,-0.430675175115209,-0.403611951612895,-0.634028232718887
-0.430675175115209,-0.403611951612895,-0.634028232718887,-0.534662170506916
-0.403611951612895,-0.634028232718887,-0.534662170506916,-0.553686059907832
-0.634028232718887,-0.534662170506916,-0.553686059907832,-0.289222103686633
-0.534662170506916,-0.553686059907832,-0.289222103686633,-0.505667161290322
-0.553686059907832,-0.289222103686633,-0.505667161290322,-0.5825245875576
-0.289222103686633,-0.505667161290322,-0.5825245875576,-0.270081110599072
-0.505667161290322,-0.5825245875576,-0.270081110599072,-0.339199672811063
-0.5825245875576,-0.270081110599072,-0.339199672811063,-0.453248974654372
-0.270081110599072,-0.339199672811063,-0.453248974654372,-0.884026327188945
-0.339199672811063,-0.453248974654372,-0.884026327188945,-0.992965889400924
-0.453248974654372,-0.884026327188945,-0.992965889400924,-1.34035952304147
-0.884026327188945,-0.992965889400924,-1.34035952304147,-0.510840661290317
-0.992965889400924,-1.34035952304147,-0.510840661290317,-0.138677027649777
-1.34035952304147,-0.510840661290317,-0.138677027649777,-0.537453774193541
-0.510840661290317,-0.138677027649777,-0.537453774193541,-0.919771246543775
-0.138677027649777,-0.537453774193541,-0.919771246543775,-0.323073161290317
-0.537453774193541,-0.919771246543775,-0.323073161290317,-0.498184016129031
-0.919771246543775,-0.323073161290317,-0.498184016129031,-0.424063967741933
-0.323073161290317,-0.498184016129031,-0.424063967741933,-0.210392815668204
-0.498184016129031,-0.424063967741933,-0.210392815668204,0.24359245391706
-0.424063967741933,-0.210392815668204,0.24359245391706,0.17977195852534
-0.210392815668204,0.24359245391706,0.17977195852534,0.177446539170504
0.24359245391706,0.17977195852534,0.177446539170504,0.267921619815677
0.17977195852534,0.177446539170504,0.267921619815677,0.253669910138253
0.177446539170504,0.267921619815677,0.253669910138253,-0.314052027649772
0.267921619815677,0.253669910138253,-0.314052027649772,-0.0567753456221176
0.253669910138253,-0.314052027649772,-0.0567753456221176,0.237746610599078
-0.314052027649772,-0.0567753456221176,0.237746610599078,-0.202524018433174
-0.0567753456221176,0.237746610599078,-0.202524018433174,0.403864412442402
0.237746610599078,-0.202524018433174,0.403864412442402,-0.0259151105990725
-0.202524018433174,0.403864412442402,-0.0259151105990725,-0.0300901013824877
0.403864412442402,-0.0259151105990725,-0.0300901013824877,0.0684260253456266
-0.0259151105990725,-0.0300901013824877,0.0684260253456266,-0.0917174700460812
-0.0300901013824877,0.0684260253456266,-0.0917174700460812,-0.255251889400924
0.0684260253456266,-0.0917174700460812,-0.255251889400924,-0.19672352304147
-0.0917174700460812,-0.255251889400924,-0.19672352304147,-0.158697518433179
-0.255251889400924,-0.19672352304147,-0.158697518433179,-0.346302741935492
-0.19672352304147,-0.158697518433179,-0.346302741935492,-0.265543774193549
-0.158697518433179,-0.346302741935492,-0.265543774193549,-0.85142096082949
-0.346302741935492,-0.265543774193549,-0.85142096082949,-0.276299304147464
-0.265543774193549,-0.85142096082949,-0.276299304147464,-0.71714515898617
-0.85142096082949,-0.276299304147464,-0.71714515898617,-0.31646339631336
-0.276299304147464,-0.71714515898617,-0.31646339631336,-0.50338567281106
-0.71714515898617,-0.31646339631336,-0.50338567281106,-0.911982546082943
-0.31646339631336,-0.50338567281106,-0.911982546082943,-0.634562327188945
-0.50338567281106,-0.911982546082943,-0.634562327188945,-1.02269574654378
-0.911982546082943,-0.634562327188945,-1.02269574654378,-0.990128665898613
-0.634562327188945,-1.02269574654378,-0.990128665898613,-1.00215637557604
-1.02269574654378,-0.990128665898613,-1.00215637557604,-0.485425884792633
-0.990128665898613,-1.00215637557604,-0.485425884792633,-0.89899891705069
-1.00215637557604,-0.485425884792633,-0.89899891705069,-0.752620389400921
-0.485425884792633,-0.89899891705069,-0.752620389400921,-1.15608673271889
-0.89899891705069,-0.752620389400921,-1.15608673271889,-0.893795730414748
-0.752620389400921,-1.15608673271889,-0.893795730414748,-0.236805967741926
-1.15608673271889,-0.893795730414748,-0.236805967741926,-0.770790387096778
-0.893795730414748,-0.236805967741926,-0.770790387096778,-0.718621974654376
-0.236805967741926,-0.770790387096778,-0.718621974654376,-0.597238755760372
-0.770790387096778,-0.718621974654376,-0.597238755760372,-0.775051746543781
-0.718621974654376,-0.597238755760372,-0.775051746543781,-0.11320223732719
-0.597238755760372,-0.775051746543781,-0.11320223732719,-0.0597530898617507
-0.775051746543781,-0.11320223732719,-0.0597530898617507,-0.0363984562212103
-0.11320223732719,-0.0597530898617507,-0.0363984562212103,-0.520712631336401
-0.0597530898617507,-0.0363984562212103,-0.520712631336401,-0.238790532258058
-0.0363984562212103,-0.520712631336401,-0.238790532258058,-0.035795447004606
-0.520712631336401,-0.238790532258058,-0.035795447004606,-0.141502016129031
-0.238790532258058,-0.035795447004606,-0.141502016129031,-0.176643110599073
-0.035795447004606,-0.141502016129031,-0.176643110599073,0.287018612903228
-0.141502016129031,-0.176643110599073,0.287018612903228,0.292211168202776
-0.176643110599073,0.287018612903228,0.292211168202776,0.230604387096768
0.287018612903228,0.292211168202776,0.230604387096768,0.0397191105990764
0.292211168202776,0.230604387096768,0.0397191105990764,-0.447588808755757
0.230604387096768,0.0397191105990764,-0.447588808755757,-0.0414346612903174
0.0397191105990764,-0.447588808755757,-0.0414346612903174,-0.650925741935488
-0.447588808755757,-0.0414346612903174,-0.650925741935488,-0.740443059907832
-0.0414346612903174,-0.650925741935488,-0.740443059907832,-0.953040389400922
-0.650925741935488,-0.740443059907832,-0.953040389400922,-0.70834558986175
-0.740443059907832,-0.953040389400922,-0.70834558986175,-0.545086730414742
-0.953040389400922,-0.70834558986175,-0.545086730414742,-1.04446125345622
-0.70834558986175,-0.545086730414742,-1.04446125345622,-0.916175958525344
-0.545086730414742,-1.04446125345622,-0.916175958525344,-1.09701011751151
-1.04446125345622,-0.916175958525344,-1.09701011751151,-0.962018612903233
-0.916175958525344,-1.09701011751151,-0.962018612903233,-0.858037460829497
-1.09701011751151,-0.962018612903233,-0.858037460829497,-0.778261380184322
-0.962018612903233,-0.858037460829497,-0.778261380184322,-0.666683518433175
-0.858037460829497,-0.778261380184322,-0.666683518433175,-0.987129313364058
-0.778261380184322,-0.666683518433175,-0.987129313364058,-0.882692774193544
-0.666683518433175,-0.987129313364058,-0.882692774193544,-1.26320938940092
-0.987129313364058,-0.882692774193544,-1.26320938940092,-1.10966816129033
-0.882692774193544,-1.26320938940092,-1.10966816129033,-0.588798444700458
-1.26320938940092,-1.10966816129033,-0.588798444700458,-1.07046096774194
-1.10966816129033,-0.588798444700458,-1.07046096774194,-0.748874529953916
-0.588798444700458,-1.07046096774194,-0.748874529953916,-0.735084831797227
-1.07046096774194,-0.748874529953916,-0.735084831797227,-0.534967755760373
-0.748874529953916,-0.735084831797227,-0.534967755760373,-0.467777603686638
-0.735084831797227,-0.534967755760373,-0.467777603686638,-0.709450951612897
-0.534967755760373,-0.467777603686638,-0.709450951612897,-0.47709608986175
-0.467777603686638,-0.709450951612897,-0.47709608986175,-1.48802088479264
-0.709450951612897,-0.47709608986175,-1.48802088479264,-0.910907202764971
-0.47709608986175,-1.48802088479264,-0.910907202764971,-0.88145653225806
-1.48802088479264,-0.910907202764971,-0.88145653225806,-0.927444447004607
-0.910907202764971,-0.88145653225806,-0.927444447004607,-0.598361301843312
-0.88145653225806,-0.927444447004607,-0.598361301843312,-0.920405967741928
-0.927444447004607,-0.598361301843312,-0.920405967741928,-1.15796395852534
-0.598361301843312,-0.920405967741928,-1.15796395852534,-0.928569117511508
-0.920405967741928,-1.15796395852534,-0.928569117511508,-1.09598247004608
-1.15796395852534,-0.928569117511508,-1.09598247004608,-0.822397889400925
-0.928569117511508,-1.09598247004608,-0.822397889400925,-0.65431752304147
-1.09598247004608,-0.822397889400925,-0.65431752304147,-0.806338518433176
-0.822397889400925,-0.65431752304147,-0.806338518433176,-0.547412599078342
-0.65431752304147,-0.806338518433176,-0.547412599078342,-0.262289488479261
-0.806338518433176,-0.547412599078342,-0.262289488479261,-0.763108532258062
-0.547412599078342,-0.262289488479261,-0.763108532258062,-0.511830589861752
-0.262289488479261,-0.763108532258062,-0.511830589861752,-0.566756873271881
-0.763108532258062,-0.511830589861752,-0.566756873271881,-0.213631110599071
-0.511830589861752,-0.566756873271881,-0.213631110599071,-0.187549815668202
-0.566756873271881,-0.213631110599071,-0.187549815668202,-0.621619260368661
-0.213631110599071,-0.187549815668202,-0.621619260368661,-0.346432755760372
-0.187549815668202,-0.621619260368661,-0.346432755760372,-0.487792460829493
-0.621619260368661,-0.346432755760372,-0.487792460829493,-0.796181523041472
-0.346432755760372,-0.487792460829493,-0.796181523041472,-0.601726232718896
-0.487792460829493,-0.796181523041472,-0.601726232718896,-0.158797884792634
-0.796181523041472,-0.601726232718896,-0.158797884792634,-0.336402774193544
-0.601726232718896,-0.158797884792634,-0.336402774193544,-0.796183675115202
-0.158797884792634,-0.336402774193544,-0.796183675115202,-0.863184018433181
-0.336402774193544,-0.796183675115202,-0.863184018433181,-0.354037873271881
-0.796183675115202,-0.863184018433181,-0.354037873271881,-0.456410682027641
-0.863184018433181,-0.354037873271881,-0.456410682027641,-0.321166244239631
-0.354037873271881,-0.456410682027641,-0.321166244239631,0.136326453917057
-0.456410682027641,-0.321166244239631,0.136326453917057,-0.135231898617523
-0.321166244239631,0.136326453917057,-0.135231898617523,-0.393785032258066
0.136326453917057,-0.135231898617523,-0.393785032258066,-0.421952808755755
-0.135231898617523,-0.393785032258066,-0.421952808755755,-0.67226066129032
-0.393785032258066,-0.421952808755755,-0.67226066129032,-0.307014170506914
-0.421952808755755,-0.67226066129032,-0.307014170506914,-1.09763020276498
-0.67226066129032,-0.307014170506914,-1.09763020276498,-0.924098246543778
-0.307014170506914,-1.09763020276498,-0.924098246543778,-0.803053018433179
-1.09763020276498,-0.924098246543778,-0.803053018433179,-0.237025444700457
-0.924098246543778,-0.803053018433179,-0.237025444700457,-0.775623110599071
-0.803053018433179,-0.237025444700457,-0.775623110599071,-0.0660962442396382
-0.237025444700457,-0.775623110599071,-0.0660962442396382,-0.0909431175115145
-0.775623110599071,-0.0660962442396382,-0.0909431175115145,-0.218403184331798
-0.0660962442396382,-0.0909431175115145,-0.218403184331798,-0.256431603686636
-0.0909431175115145,-0.218403184331798,-0.256431603686636,-0.0925185230414733
-0.218403184331798,-0.256431603686636,-0.0925185230414733,-0.668452947004607
-0.256431603686636,-0.0925185230414733,-0.668452947004607,-0.0954480276497769
-0.0925185230414733,-0.668452947004607,-0.0954480276497769,-0.291789631336403
-0.668452947004607,-0.0954480276497769,-0.291789631336403,-0.895772103686635
-0.0954480276497769,-0.291789631336403,-0.895772103686635,-0.392238589861758
-0.291789631336403,-0.895772103686635,-0.392238589861758,-0.136670016129031
-0.895772103686635,-0.392238589861758,-0.136670016129031,-0.277002824884793
-0.392238589861758,-0.136670016129031,-0.277002824884793,-0.301800387096776
-0.136670016129031,-0.277002824884793,-0.301800387096776,0.00433745391705642
-0.277002824884793,-0.301800387096776,0.00433745391705642,-0.0388550414746582
-0.301800387096776,0.00433745391705642,-0.0388550414746582,0.0625415391705033
0.00433745391705642,-0.0388550414746582,0.0625415391705033,0.251298476958528
-0.0388550414746582,0.0625415391705033,0.251298476958528,0.116466052995392
0.0625415391705033,0.251298476958528,0.116466052995392,-0.124852313364059
0.251298476958528,0.116466052995392,-0.124852313364059,-0.435719345622118
0.116466052995392,-0.124852313364059,-0.435719345622118,-0.445644675115201
-0.124852313364059,-0.435719345622118,-0.445644675115201,-0.493009875576032
-0.435719345622118,-0.445644675115201,-0.493009875576032,-0.630015158986172
-0.445644675115201,-0.493009875576032,-0.630015158986172,-0.115130967741926
-0.493009875576032,-0.630015158986172,-0.115130967741926,-0.156791387096778
-0.630015158986172,-0.115130967741926,-0.156791387096778,-0.0922429746543756
-0.115130967741926,-0.156791387096778,-0.0922429746543756,0.0915915299539201
-0.156791387096778,-0.0922429746543756,0.0915915299539201,0.0583769677419355
-0.0922429746543756,0.0915915299539201,0.0583769677419355,0.0608129055299536
0.0915915299539201,0.0583769677419355,0.0608129055299536,-0.301943089861748
0.0583769677419355,0.0608129055299536,-0.301943089861748,-0.882368884792633
0.0608129055299536,-0.301943089861748,-0.882368884792633,-0.491454917050692
-0.301943089861748,-0.882368884792633,-0.491454917050692,-0.852021103686635
-0.882368884792633,-0.491454917050692,-0.852021103686635,-0.486549304147466
-0.491454917050692,-0.852021103686635,-0.486549304147466,-0.15286673041475
-0.852021103686635,-0.486549304147466,-0.15286673041475,0.0386471751152158
-0.486549304147466,-0.15286673041475,0.0386471751152158,-0.62193410138249
-0.15286673041475,0.0386471751152158,-0.62193410138249,-0.288617974654368
0.0386471751152158,-0.62193410138249,-0.288617974654368,-0.188304612903227
-0.62193410138249,-0.288617974654368,-0.188304612903227,-0.345357032258072
-0.288617974654368,-0.188304612903227,-0.345357032258072,-0.130682237327182
-0.188304612903227,-0.345357032258072,-0.130682237327182,0.245419481566827
-0.345357032258072,-0.130682237327182,0.245419481566827,0.149942543778799
-0.130682237327182,0.245419481566827,0.149942543778799,-0.349520059907835
0.245419481566827,0.149942543778799,-0.349520059907835,-0.561406389400922
0.149942543778799,-0.349520059907835,-0.561406389400922,-0.301420018433184
-0.349520059907835,-0.561406389400922,-0.301420018433184,0.0966526981566815
-0.561406389400922,-0.301420018433184,0.0966526981566815,0.0297981751152143
-0.301420018433184,0.0966526981566815,0.0297981751152143,0.8398101843318
0.0966526981566815,0.0297981751152143,0.8398101843318,1.00715831105991
0.0297981751152143,0.8398101843318,1.00715831105991,0.759178958525343
0.8398101843318,1.00715831105991,0.759178958525343,0.736740539170505
1.00715831105991,0.759178958525343,0.736740539170505,1.12619861981567
0.759178958525343,0.736740539170505,1.12619861981567,0.257025338709681
0.736740539170505,1.12619861981567,0.257025338709681,0.60754611520737
1.12619861981567,0.257025338709681,0.60754611520737,-0.0538322027649762
0.257025338709681,0.60754611520737,-0.0538322027649762,-0.141542246543782
0.60754611520737,-0.0538322027649762,-0.141542246543782,-0.650889732718895
-0.0538322027649762,-0.141542246543782,-0.650889732718895,-0.256428444700457
-0.141542246543782,-0.650889732718895,-0.256428444700457,-0.403037253456215
-0.650889732718895,-0.256428444700457,-0.403037253456215,-0.67799895852535
-0.256428444700457,-0.403037253456215,-0.67799895852535,-0.547486974654376
-0.403037253456215,-0.67799895852535,-0.547486974654376,-0.102235898617511
-0.67799895852535,-0.547486974654376,-0.102235898617511,-0.389136603686637
-0.547486974654376,-0.102235898617511,-0.389136603686637,-0.223084237327186
-0.102235898617511,-0.389136603686637,-0.223084237327186,-0.319455947004606
-0.389136603686637,-0.223084237327186,-0.319455947004606,-0.305730741935491
-0.223084237327186,-0.319455947004606,-0.305730741935491,-0.543659345622114
-0.319455947004606,-0.305730741935491,-0.543659345622114,-0.93275153225806
-0.305730741935491,-0.543659345622114,-0.93275153225806,-0.562915447004606
-0.543659345622114,-0.93275153225806,-0.562915447004606,-0.437455158986172
-0.93275153225806,-0.562915447004606,-0.437455158986172,-0.223132253456217
-0.562915447004606,-0.437455158986172,-0.223132253456217,-0.708790529953919
-0.437455158986172,-0.223132253456217,-0.708790529953919,-0.491241688940093
-0.223132253456217,-0.708790529953919,-0.491241688940093,0.0541095299539194
-0.708790529953919,-0.491241688940093,0.0541095299539194,-0.083307317972352
-0.491241688940093,0.0541095299539194,-0.083307317972352,-0.380621808755752
0.0541095299539194,-0.083307317972352,-0.380621808755752,-0.722558804147457
-0.083307317972352,-0.380621808755752,-0.722558804147457,-0.584710599078342
-0.380621808755752,-0.722558804147457,-0.584710599078342,-0.92857305990783
-0.722558804147457,-0.584710599078342,-0.92857305990783,-0.674058960829484
-0.584710599078342,-0.92857305990783,-0.674058960829484,-0.707221018433181
-0.92857305990783,-0.674058960829484,-0.707221018433181,-0.706492873271884
-0.674058960829484,-0.707221018433181,-0.706492873271884,-1.04035568202765
-0.707221018433181,-0.706492873271884,-1.04035568202765,-0.391256244239639
-0.706492873271884,-1.04035568202765,-0.391256244239639,-0.518122974654375
-1.04035568202765,-0.391256244239639,-0.518122974654375,-0.459614041474659
-0.391256244239639,-0.518122974654375,-0.459614041474659,-0.0142233179723519
-0.518122974654375,-0.459614041474659,-0.0142233179723519,0.120457334101381
-0.459614041474659,-0.0142233179723519,0.120457334101381,-0.457239232718891
-0.0142233179723519,0.120457334101381,-0.457239232718891,-0.444264741935491
0.120457334101381,-0.457239232718891,-0.444264741935491,-0.17429377419354
-0.457239232718891,-0.444264741935491,-0.17429377419354,-0.743928817972346
-0.444264741935491,-0.17429377419354,-0.743928817972346,-0.780261732718895
-0.17429377419354,-0.743928817972346,-0.780261732718895,-0.502416016129033
-0.743928817972346,-0.780261732718895,-0.502416016129033,-0.177037824884788
-0.780261732718895,-0.502416016129033,-0.177037824884788,-0.187182244239633
-0.502416016129033,-0.177037824884788,-0.187182244239633,0.216433311059912
-0.177037824884788,-0.187182244239633,0.216433311059912,0.0603129585253441
-0.187182244239633,0.216433311059912,0.0603129585253441,0.337859110599084
0.216433311059912,0.0603129585253441,0.337859110599084,0.298572334101387
0.0603129585253441,0.337859110599084,0.298572334101387,0.256147195852538
0.337859110599084,0.298572334101387,0.256147195852538,0.843205972350223
0.298572334101387,0.256147195852538,0.843205972350223,0.0721083686635957
0.256147195852538,0.843205972350223,0.0721083686635957,0.190119182027651
0.843205972350223,0.0721083686635957,0.190119182027651,0.397137695852532
0.0721083686635957,0.190119182027651,0.397137695852532,0.271073841013823
0.190119182027651,0.397137695852532,0.271073841013823,0.676734032258072
0.397137695852532,0.271073841013823,0.676734032258072,0.252183755760367
0.271073841013823,0.676734032258072,0.252183755760367,0.385902453917058
0.676734032258072,0.252183755760367,0.385902453917058,0.4947668156682
0.252183755760367,0.385902453917058,0.4947668156682,0.414104539170502
0.385902453917058,0.4947668156682,0.414104539170502,0.0575796198156802
0.4947668156682,0.414104539170502,0.0575796198156802,-0.409488375576029
0.414104539170502,0.0575796198156802,-0.409488375576029,-0.42903131336406
0.0575796198156802,-0.409488375576029,-0.42903131336406,0.148739368663591
-0.409488375576029,-0.42903131336406,0.148739368663591,0.0124018963133636
-0.42903131336406,0.148739368663591,0.0124018963133636,-0.190469589861749
0.148739368663591,0.0124018963133636,-0.190469589861749,-0.337776301843313
0.0124018963133636,-0.190469589861749,-0.337776301843313,-0.589736539170495
-0.190469589861749,-0.337776301843313,-0.589736539170495,-0.666592101382488
-0.337776301843313,-0.589736539170495,-0.666592101382488,-0.674304117511515
-0.589736539170495,-0.666592101382488,-0.674304117511515,-0.733963184331802
-0.666592101382488,-0.674304117511515,-0.733963184331802,-0.380716746543779
-0.674304117511515,-0.733963184331802,-0.380716746543779,-0.772693523041472
-0.733963184331802,-0.380716746543779,-0.772693523041472,-0.327494661290316
-0.380716746543779,-0.772693523041472,-0.327494661290316,-0.80696531336406
-0.772693523041472,-0.327494661290316,-0.80696531336406,-0.0673194884792601
-0.327494661290316,-0.80696531336406,-0.0673194884792601,-0.157013532258063
-0.80696531336406,-0.0673194884792601,-0.157013532258063,-0.650504589861754
-0.0673194884792601,-0.157013532258063,-0.650504589861754,-0.206992016129032
-0.157013532258063,-0.650504589861754,-0.206992016129032,-0.278874253456216
-0.650504589861754,-0.206992016129032,-0.278874253456216,0.0419536129032245
-0.206992016129032,-0.278874253456216,0.0419536129032245,-0.0917169746543749
-0.278874253456216,0.0419536129032245,-0.0917169746543749,0.0559786728110616
0.0419536129032245,-0.0917169746543749,0.0559786728110616,0.216823824884791
-0.0917169746543749,0.0559786728110616,0.216823824884791,0.135305476958532
0.0559786728110616,0.216823824884791,0.135305476958532,0.145907195852534
0.216823824884791,0.135305476958532,0.145907195852534,-0.549305884792634
0.135305476958532,0.145907195852534,-0.549305884792634,-0.117919917050692
0.145907195852534,-0.549305884792634,-0.117919917050692,-0.496577532258065
-0.549305884792634,-0.117919917050692,-0.496577532258065,0.179963695852532
-0.117919917050692,-0.496577532258065,0.179963695852532,0.175629269585258
-0.496577532258065,0.179963695852532,0.175629269585258,0.158227746543787
0.179963695852532,0.175629269585258,0.158227746543787,-0.180617101382488
0.175629269585258,0.158227746543787,-0.180617101382488,0.404910453917054
0.158227746543787,-0.180617101382488,0.404910453917054,-0.0743047557603731
-0.180617101382488,0.404910453917054,-0.0743047557603731,-0.0673671751152156
0.404910453917054,-0.0743047557603731,-0.0673671751152156,0.0818381912442412
-0.0743047557603731,-0.0673671751152156,0.0818381912442412,0.0364844815668235
-0.0673671751152156,0.0818381912442412,0.0364844815668235,-0.418702599078351
0.0818381912442412,0.0364844815668235,-0.418702599078351,-0.707132202764974
0.0364844815668235,-0.418702599078351,-0.707132202764974,-0.522156103686637
-0.418702599078351,-0.707132202764974,-0.522156103686637,-0.4627484470046
-0.707132202764974,-0.522156103686637,-0.4627484470046,0.0221976981566883
-0.522156103686637,-0.4627484470046,0.0221976981566883,0.514715746543786
-0.4627484470046,0.0221976981566883,0.514715746543786,0.531160327188939
0.0221976981566883,0.514715746543786,0.531160327188939,0.189619453917057
0.514715746543786,0.531160327188939,0.189619453917057,0.342591529953911
0.531160327188939,0.189619453917057,0.342591529953911,0.474693110599077
0.189619453917057,0.342591529953911,0.474693110599077,1.09160876267282
0.342591529953911,0.474693110599077,1.09160876267282,0.620000767281113
0.474693110599077,1.09160876267282,0.620000767281113,-0.626208456221203
1.09160876267282,0.620000767281113,-0.626208456221203,-0.697297059907829
0.620000767281113,-0.626208456221203,-0.697297059907829,-0.675398960829487
-0.626208456221203,-0.697297059907829,-0.675398960829487,-0.452153732718895
-0.697297059907829,-0.675398960829487,-0.452153732718895,-0.39498401612903
-0.675398960829487,-0.452153732718895,-0.39498401612903,-0.157440539170505
-0.452153732718895,-0.39498401612903,-0.157440539170505,-0.0294648156682022
-0.39498401612903,-0.157440539170505,-0.0294648156682022,-0.203677117511518
-0.157440539170505,-0.0294648156682022,-0.203677117511518,-0.210848612903231
-0.0294648156682022,-0.203677117511518,-0.210848612903231,0.0673681105990767
-0.203677117511518,-0.210848612903231,0.0673681105990767,0.213171048387107
-0.210848612903231,0.0673681105990767,0.213171048387107,0.28011291013825
0.0673681105990767,0.213171048387107,0.28011291013825,-0.174739313364061
0.213171048387107,0.28011291013825,-0.174739313364061,-0.623714774193541
0.28011291013825,-0.174739313364061,-0.623714774193541,-0.438280817972348
-0.174739313364061,-0.623714774193541,-0.438280817972348,-0.411715589861753
-0.623714774193541,-0.438280817972348,-0.411715589861753,-0.27224787327189
-0.438280817972348,-0.411715589861753,-0.27224787327189,0.0339173179723531
-0.411715589861753,-0.27224787327189,0.0339173179723531,-0.122632958525351
-0.27224787327189,0.0339173179723531,-0.122632958525351,-0.28738768894009
0.0339173179723531,-0.122632958525351,-0.28738768894009,-0.117537470046081
-0.122632958525351,-0.28738768894009,-0.117537470046081,-0.00499803225806517
-0.28738768894009,-0.117537470046081,-0.00499803225806517,0.11441576267281
-0.117537470046081,-0.00499803225806517,0.11441576267281,-0.113929375576031
-0.00499803225806517,0.11441576267281,-0.113929375576031,-0.397008170506918
0.11441576267281,-0.113929375576031,-0.397008170506918,-0.298532631336403
-0.113929375576031,-0.397008170506918,-0.298532631336403,-0.118271817972349
-0.397008170506918,-0.298532631336403,-0.118271817972349,-0.278038161290318
-0.298532631336403,-0.118271817972349,-0.278038161290318,0.0682104124423972
-0.118271817972349,-0.278038161290318,0.0682104124423972,0.137427317972353
-0.278038161290318,0.0682104124423972,0.137427317972353,0.233220612903224
0.0682104124423972,0.137427317972353,0.233220612903224,0.154122025345625
0.137427317972353,0.233220612903224,0.154122025345625,0.168474101382483
0.233220612903224,0.154122025345625,0.168474101382483,-0.0456117465437806
0.154122025345625,0.168474101382483,-0.0456117465437806,-0.143038523041472
0.168474101382483,-0.0456117465437806,-0.143038523041472,0.0239337672811182
-0.0456117465437806,-0.143038523041472,0.0239337672811182,0.317508543778789
-0.143038523041472,0.0239337672811182,0.317508543778789,0.481867368663597
0.0239337672811182,0.317508543778789,0.481867368663597,0.286298610599076
0.317508543778789,0.481867368663597,0.286298610599076,0.151458124423964
0.481867368663597,0.286298610599076,0.151458124423964,-0.372780873271889
0.286298610599076,0.151458124423964,-0.372780873271889,-0.0132578248847892
0.151458124423964,-0.372780873271889,-0.0132578248847892,-0.301512101382492
-0.372780873271889,-0.0132578248847892,-0.301512101382492,-0.0534009746543767
-0.0132578248847892,-0.301512101382492,-0.0534009746543767,-0.048169041474651
-0.301512101382492,-0.0534009746543767,-0.048169041474651,0.0375648248847966
-0.0534009746543767,-0.048169041474651,0.0375648248847966,-0.0203700944700422
-0.048169041474651,0.0375648248847966,-0.0203700944700422,-0.51343823271889
0.0375648248847966,-0.0203700944700422,-0.51343823271889,-0.0221408847926341
-0.0203700944700422,-0.51343823271889,-0.0221408847926341,-0.134783059907832
-0.51343823271889,-0.0221408847926341,-0.134783059907832,-0.0447856751152038
-0.0221408847926341,-0.134783059907832,-0.0447856751152038,-0.313454304147459
-0.134783059907832,-0.0447856751152038,-0.313454304147459,-0.0238065875576012
-0.0447856751152038,-0.313454304147459,-0.0238065875576012,0.368935317972355
-0.313454304147459,-0.0238065875576012,0.368935317972355,-0.0591515299539154
-0.0238065875576012,0.368935317972355,-0.0591515299539154,-0.161351546082944
0.368935317972355,-0.0591515299539154,-0.161351546082944,-0.244068755760374
-0.0591515299539154,-0.161351546082944,-0.244068755760374,-0.0218037465437781
-0.161351546082944,-0.244068755760374,-0.0218037465437781,0.0190979055299572
-0.244068755760374,-0.0218037465437781,0.0190979055299572,0.710055910138252
-0.0218037465437781,0.0190979055299572,0.710055910138252,0.529363400921653
0.0190979055299572,0.710055910138252,0.529363400921653,-0.00443405990782964
0.710055910138252,0.529363400921653,-0.00443405990782964,0.779931324884796
0.529363400921653,-0.00443405990782964,0.779931324884796,1.05259469585254
-0.00443405990782964,0.779931324884796,1.05259469585254,0.836010555299541
0.779931324884796,1.05259469585254,0.836010555299541,0.823694317972354
1.05259469585254,0.836010555299541,0.823694317972354,1.0837441843318
0.836010555299541,0.823694317972354,1.0837441843318,1.62400488248849
0.823694317972354,1.0837441843318,1.62400488248849,1.22863395852534
1.0837441843318,1.62400488248849,1.22863395852534,1.26422025345622
1.62400488248849,1.22863395852534,1.26422025345622,0.646517048387107
1.22863395852534,1.26422025345622,0.646517048387107,0.573421767281111
1.26422025345622,0.646517048387107,0.573421767281111,0.764805543778799
0.646517048387107,0.573421767281111,0.764805543778799,0.832352511520739
0.573421767281111,0.764805543778799,0.832352511520739,0.498898896313371
0.764805543778799,0.832352511520739,0.498898896313371,0.308289410138251
0.832352511520739,0.498898896313371,0.308289410138251,-0.22972787327188
0.498898896313371,0.308289410138251,-0.22972787327188,0.231727317972357
0.308289410138251,-0.22972787327188,0.231727317972357,-0.124075958525346
-0.22972787327188,0.231727317972357,-0.124075958525346,-0.069649117511517
0.231727317972357,-0.124075958525346,-0.069649117511517,-0.101162327188945
-0.124075958525346,-0.069649117511517,-0.101162327188945,-0.276561603686634
-0.069649117511517,-0.101162327188945,-0.276561603686634,-0.387223808755756
-0.101162327188945,-0.276561603686634,-0.387223808755756,0.0716549101382498
-0.276561603686634,-0.387223808755756,0.0716549101382498,-0.100583027649783
-0.387223808755756,0.0716549101382498,-0.100583027649783,-0.260957631336403
0.0716549101382498,-0.100583027649783,-0.260957631336403,-0.194724675115207
-0.100583027649783,-0.260957631336403,-0.194724675115207,-0.0695951612903265
-0.260957631336403,-0.194724675115207,-0.0695951612903265,-0.12327844470046
-0.194724675115207,-0.0695951612903265,-0.12327844470046,0.140187317972355
-0.0695951612903265,-0.12327844470046,0.140187317972355,-0.182638815668202
-0.12327844470046,0.140187317972355,-0.182638815668202,-0.362202403225805
0.140187317972355,-0.182638815668202,-0.362202403225805,-0.277075470046086
-0.182638815668202,-0.362202403225805,-0.277075470046086,-0.533377032258066
-0.362202403225805,-0.277075470046086,-0.533377032258066,-0.0917286658986143
-0.277075470046086,-0.533377032258066,-0.0917286658986143,0.0754926244239655
-0.533377032258066,-0.0917286658986143,0.0754926244239655,-0.612351027649776
-0.0917286658986143,0.0754926244239655,-0.612351027649776,-0.157141202764972
0.0754926244239655,-0.612351027649776,-0.157141202764972,-0.479925675115201
-0.612351027649776,-0.157141202764972,-0.479925675115201,-0.314890447004608
-0.157141202764972,-0.479925675115201,-0.314890447004608,-0.120901873271887
-0.479925675115201,-0.314890447004608,-0.120901873271887,0.0356860322580737
-0.314890447004608,-0.120901873271887,0.0356860322580737,-0.54683710138249
-0.120901873271887,0.0356860322580737,-0.54683710138249,-0.290909546082943
0.0356860322580737,-0.54683710138249,-0.290909546082943,-0.0122166129032308
-0.54683710138249,-0.290909546082943,-0.0122166129032308,0.192766539170499
-0.290909546082943,-0.0122166129032308,0.192766539170499,0.262918762672815
-0.0122166129032308,0.192766539170499,0.262918762672815,-0.642449375576035
0.192766539170499,0.262918762672815,-0.642449375576035,-0.00480259907834935
0.262918762672815,-0.642449375576035,-0.00480259907834935,0.365679654377882
-0.642449375576035,-0.00480259907834935,0.365679654377882,-0.127184817972349
-0.00480259907834935,0.365679654377882,-0.127184817972349,0.323492695852536
0.365679654377882,-0.127184817972349,0.323492695852536,0.539173269585259
-0.127184817972349,0.323492695852536,0.539173269585259,0.457106889400929
0.323492695852536,0.539173269585259,0.457106889400929,0.445184470046083
0.539173269585259,0.457106889400929,0.445184470046083,0.519257739631343
0.457106889400929,0.445184470046083,0.519257739631343,0.385117101382484
0.445184470046083,0.519257739631343,0.385117101382484,0.228326824884796
0.519257739631343,0.385117101382484,0.228326824884796,0.514417191244245
0.385117101382484,0.228326824884796,0.514417191244245,0.117015338709681
0.228326824884796,0.514417191244245,0.117015338709681,0.583940543778795
0.514417191244245,0.117015338709681,0.583940543778795,0.261707082949311
0.117015338709681,0.583940543778795,0.261707082949311,0.193232896313369
0.583940543778795,0.261707082949311,0.193232896313369,0.453854267281105
0.261707082949311,0.193232896313369,0.453854267281105,0.433785126728118
0.193232896313369,0.453854267281105,0.433785126728118,0.341449889400923
0.453854267281105,0.433785126728118,0.341449889400923,0.889274755760376
0.433785126728118,0.341449889400923,0.889274755760376,0.354954311059913
0.341449889400923,0.889274755760376,0.354954311059913,0.123943529953916
0.889274755760376,0.354954311059913,0.123943529953916,0.222276682027648
0.354954311059913,0.123943529953916,0.222276682027648,0.260765191244243
0.123943529953916,0.222276682027648,0.260765191244243,0.344431767281105
0.222276682027648,0.260765191244243,0.344431767281105,0.172185972350228
0.260765191244243,0.344431767281105,0.172185972350228,-0.113774631336405
0.344431767281105,0.172185972350228,-0.113774631336405,-0.238679675115204
0.172185972350228,-0.113774631336405,-0.238679675115204,0.0107405529953972
-0.113774631336405,-0.238679675115204,0.0107405529953972,0.197953126728109
-0.238679675115204,0.0107405529953972,0.197953126728109,0.662049175115214
0.0107405529953972,0.197953126728109,0.662049175115214,0.563936898617513
0.197953126728109,0.662049175115214,0.563936898617513,0.0776317396313395
0.662049175115214,0.563936898617513,0.0776317396313395,0.287538101382484
0.563936898617513,0.0776317396313395,0.287538101382484,0.517952396313362
0.0776317396313395,0.287538101382484,0.517952396313362,0.0913539055299601
0.287538101382484,0.517952396313362,0.0913539055299601,0.061003767281111
0.517952396313362,0.0913539055299601,0.061003767281111,0.00467868663594118
0.0913539055299601,0.061003767281111,0.00467868663594118,-0.151232059907823
0.061003767281111,0.00467868663594118,-0.151232059907823,-0.0678673894009201
0.00467868663594118,-0.151232059907823,-0.0678673894009201,0.0235856958525389
-0.151232059907823,-0.0678673894009201,0.0235856958525389,0.611094269585252
-0.0678673894009201,0.0235856958525389,0.611094269585252,0.817573317972357
0.0235856958525389,0.611094269585252,0.817573317972357,1.03941489861751
0.611094269585252,0.817573317972357,1.03941489861751,0.566515168202773
0.817573317972357,1.03941489861751,0.566515168202773,0.472446958525342
1.03941489861751,0.566515168202773,0.472446958525342,0.338592682027645
0.566515168202773,0.472446958525342,0.338592682027645,0.50328747695853
0.472446958525342,0.338592682027645,0.50328747695853,0.918847624423968
0.338592682027645,0.50328747695853,0.918847624423968,0.281902258064509
0.50328747695853,0.918847624423968,0.281902258064509,0.521192797235024
0.918847624423968,0.281902258064509,0.521192797235024,0.375891182027654
0.281902258064509,0.521192797235024,0.375891182027654,0.634402981566819
0.521192797235024,0.375891182027654,0.634402981566819,0.536867555299544
0.375891182027654,0.634402981566819,0.536867555299544,0.0732914608295019
0.634402981566819,0.536867555299544,0.0732914608295019,0.335120612903228
0.536867555299544,0.0732914608295019,0.335120612903228,0.228421453917054
0.0732914608295019,0.335120612903228,0.228421453917054,0.311346672811062
0.335120612903228,0.228421453917054,0.311346672811062,-0.0273927465437787
0.228421453917054,0.311346672811062,-0.0273927465437787,-0.459094380184325
0.311346672811062,-0.0273927465437787,-0.459094380184325,0.372222624423969
-0.0273927465437787,-0.459094380184325,0.372222624423969,0.59488040092165
-0.459094380184325,0.372222624423969,0.59488040092165,0.530332082949311
0.372222624423969,0.59488040092165,0.530332082949311,0.339655610599078
0.59488040092165,0.530332082949311,0.339655610599078,0.460770124423963
0.530332082949311,0.339655610599078,0.460770124423963,0.0911869838709691
0.339655610599078,0.460770124423963,0.0911869838709691,0.555047460829499
0.460770124423963,0.0911869838709691,0.555047460829499,0.979389898617509
0.0911869838709691,0.555047460829499,0.979389898617509,0.700728311059912
0.555047460829499,0.979389898617509,0.700728311059912,0.318603529953918
0.979389898617509,0.700728311059912,0.318603529953918,0.212113396313363
0.700728311059912,0.318603529953918,0.212113396313363,0.135359191244248
0.318603529953918,0.212113396313363,0.135359191244248,0.459848052995401
0.212113396313363,0.135359191244248,0.459848052995401,0.507183400921651
0.135359191244248,0.459848052995401,0.507183400921651,0.177166511520735
0.459848052995401,0.507183400921651,0.177166511520735,0.312529753456218
0.507183400921651,0.177166511520735,0.312529753456218,0.177291267281106
0.177166511520735,0.312529753456218,0.177291267281106,0.522851983870968
0.312529753456218,0.177291267281106,0.522851983870968,0.0126374608294988
0.177291267281106,0.522851983870968,0.0126374608294988,-0.0762705299539199
0.522851983870968,0.0126374608294988,-0.0762705299539199,-0.0831749746543728
0.0126374608294988,-0.0762705299539199,-0.0831749746543728,-0.312127755760375
-0.0762705299539199,-0.0831749746543728,-0.312127755760375,0.0946745391705051
-0.0831749746543728,-0.312127755760375,0.0946745391705051,-0.251372523041468
-0.312127755760375,0.0946745391705051,-0.251372523041468,-0.37627637557603
0.0946745391705051,-0.251372523041468,-0.37627637557603,0.434910115207369
-0.251372523041468,-0.37627637557603,0.434910115207369,0.667602225806458
-0.37627637557603,0.434910115207369,0.667602225806458,0.272685182027654
0.434910115207369,0.667602225806458,0.272685182027654,0.542084124423962
0.667602225806458,0.272685182027654,0.542084124423962,0.35045255529954
0.272685182027654,0.542084124423962,0.35045255529954,-0.00634739631336245
0.542084124423962,0.35045255529954,-0.00634739631336245,0.116503327188941
0.35045255529954,-0.00634739631336245,0.116503327188941,-0.154794403225804
-0.00634739631336245,0.116503327188941,-0.154794403225804,0.0972383870967697
0.116503327188941,-0.154794403225804,0.0972383870967697,0.0928623963133646
-0.154794403225804,0.0972383870967697,0.0928623963133646,0.320885762672816
0.0972383870967697,0.0928623963133646,0.320885762672816,-0.00429980414746112
0.0928623963133646,0.320885762672816,-0.00429980414746112,0.569855258064507
0.320885762672816,-0.00429980414746112,0.569855258064507,0.919685082949307
-0.00429980414746112,0.569855258064507,0.919685082949307,0.984268467741938
0.569855258064507,0.919685082949307,0.984268467741938,0.822032838709678
0.919685082949307,0.984268467741938,0.822032838709678,1.09533455529954
0.984268467741938,0.822032838709678,1.09533455529954,0.332677317972355
0.822032838709678,1.09533455529954,0.332677317972355,0.679687755760366
1.09533455529954,0.332677317972355,0.679687755760366,1.2812395967742
0.332677317972355,0.679687755760366,1.2812395967742,1.38404210138248
0.679687755760366,1.2812395967742,1.38404210138248,1.01740539631336
1.2812395967742,1.38404210138248,1.01740539631336,1.03127633410138
1.38404210138248,1.01740539631336,1.03127633410138,1.07962619585254
1.01740539631336,1.03127633410138,1.07962619585254,0.516051972350223
1.03127633410138,1.07962619585254,0.516051972350223,0.580571511520738
1.07962619585254,0.516051972350223,0.580571511520738,1.08405561059908
0.516051972350223,0.580571511520738,1.08405561059908,0.72304883870968
0.580571511520738,1.08405561059908,0.72304883870968,0.290587841013835
1.08405561059908,0.72304883870968,0.290587841013835,0.29041003225807
0.72304883870968,0.290587841013835,0.29041003225807,-0.0344051013824895
0.290587841013835,0.29041003225807,-0.0344051013824895,-0.0505388317972297
0.29041003225807,-0.0344051013824895,-0.0505388317972297,0.0128245299539174
-0.0344051013824895,-0.0505388317972297,0.0128245299539174,0.226392396313361
-0.0505388317972297,0.0128245299539174,0.226392396313361,0.41460176267281
0.0128245299539174,0.226392396313361,0.41460176267281,1.07366662442397
0.226392396313361,0.41460176267281,1.07366662442397,0.967977686635937
0.41460176267281,1.07366662442397,0.967977686635937,0.822109940092169
1.07366662442397,0.967977686635937,0.822109940092169,0.76961803917051
0.967977686635937,0.822109940092169,0.76961803917051,0.207231981566814
0.822109940092169,0.76961803917051,0.207231981566814,0.311998983870968
0.76961803917051,0.207231981566814,0.311998983870968,0.733272175115214
0.207231981566814,0.311998983870968,0.733272175115214,0.0838686129032276
0.311998983870968,0.733272175115214,0.0838686129032276,-0.163129546082946
0.733272175115214,0.0838686129032276,-0.163129546082946,-0.00715318433180201
0.0838686129032276,-0.163129546082946,-0.00715318433180201,0.395854396313361
-0.163129546082946,-0.00715318433180201,0.395854396313361,0.59794361981567
-0.00715318433180201,0.395854396313361,0.59794361981567,0.674865052995397
0.395854396313361,0.59794361981567,0.674865052995397,0.376004115207365
0.59794361981567,0.674865052995397,0.376004115207365,0.378501225806456
0.674865052995397,0.376004115207365,0.378501225806456,0.68433203917051
0.376004115207365,0.378501225806456,0.68433203917051,0.718995267281102
0.378501225806456,0.68433203917051,0.718995267281102,0.706379698156677
0.68433203917051,0.718995267281102,0.706379698156677,0.3732374608295
0.718995267281102,0.706379698156677,0.3732374608295,0.52871004147465
0.706379698156677,0.3732374608295,0.52871004147465,0.23325816820277
0.3732374608295,0.52871004147465,0.23325816820277,0.551030101382487
0.52871004147465,0.23325816820277,0.551030101382487,0.636119396313365
0.23325816820277,0.551030101382487,0.636119396313365,0.48184247695853
0.551030101382487,0.636119396313365,0.48184247695853,0.956565195852544
0.636119396313365,0.48184247695853,0.956565195852544,0.240131686635937
0.48184247695853,0.956565195852544,0.240131686635937,-0.0298722027649774
0.956565195852544,0.240131686635937,-0.0298722027649774,0.311306467741932
0.240131686635937,-0.0298722027649774,0.311306467741932,0.171390410138251
-0.0298722027649774,0.311306467741932,0.171390410138251,-0.0317698732718839
0.311306467741932,0.171390410138251,-0.0317698732718839,0.555389889400924
0.171390410138251,-0.0317698732718839,0.555389889400924,0.40258147004608
-0.0317698732718839,0.555389889400924,0.40258147004608,0.025793453917057
0.555389889400924,0.40258147004608,0.025793453917057,0.202545958525342
0.40258147004608,0.025793453917057,0.202545958525342,0.418704539170506
0.025793453917057,0.202545958525342,0.418704539170506,0.493805619815671
0.202545958525342,0.418704539170506,0.493805619815671,0.661132481566813
0.418704539170506,0.493805619815671,0.661132481566813,0.410267972350223
0.493805619815671,0.661132481566813,0.410267972350223,0.368993511520735
0.661132481566813,0.410267972350223,0.368993511520735,0.643021324884796
0.410267972350223,0.368993511520735,0.643021324884796,0.0807638387096823
0.368993511520735,0.643021324884796,0.0807638387096823,0.324570412442398
0.643021324884796,0.0807638387096823,0.324570412442398,0.576273746543787
0.0807638387096823,0.324570412442398,0.576273746543787,0.390885041474654
0.324570412442398,0.576273746543787,0.390885041474654,0.488560025345628
0.576273746543787,0.390885041474654,0.488560025345628,0.2843148156682
0.390885041474654,0.488560025345628,0.2843148156682,0.435934110599078
0.488560025345628,0.2843148156682,0.435934110599078,0.407313191244239
0.2843148156682,0.435934110599078,0.407313191244239,0.783293338709683
0.435934110599078,0.407313191244239,0.783293338709683,0.892582115207368
0.407313191244239,0.783293338709683,0.892582115207368,1.2572503686636
0.783293338709683,0.892582115207368,1.2572503686636,1.56593346774194
0.892582115207368,1.2572503686636,1.56593346774194,1.61817112442396
1.2572503686636,1.56593346774194,1.61817112442396,1.45401884101383
1.56593346774194,1.61817112442396,1.45401884101383,1.45983603225807
1.61817112442396,1.45401884101383,1.45983603225807,1.42232847004608
1.45401884101383,1.45983603225807,1.42232847004608,1.38085645391706
1.45983603225807,1.42232847004608,1.38085645391706,1.12557667281105
1.42232847004608,1.38085645391706,1.12557667281105,1.05436353917051
1.38085645391706,1.12557667281105,1.05436353917051,1.13836533410139
1.12557667281105,1.05436353917051,1.13836533410139,0.693419195852535
1.05436353917051,1.13836533410139,0.693419195852535,1.2544995437788
1.13836533410139,0.693419195852535,1.2544995437788,1.13981979723502
0.693419195852535,1.2544995437788,1.13981979723502,0.319845467741938
1.2544995437788,1.13981979723502,0.319845467741938,0.716970124423966
1.13981979723502,0.319845467741938,0.716970124423966,0.932353412442399
0.319845467741938,0.716970124423966,0.932353412442399,0.500983175115216
0.716970124423966,0.932353412442399,0.500983175115216,0.103119327188939
0.932353412442399,0.500983175115216,0.103119327188939,-0.00789168894008796
0.500983175115216,0.103119327188939,-0.00789168894008796,0.121443101382482
0.103119327188939,-0.00789168894008796,0.121443101382482,0.517576967741931
-0.00789168894008796,0.121443101382482,0.517576967741931,1.14041190552996
0.121443101382482,0.517576967741931,1.14041190552996,0.795483767281109
0.517576967741931,1.14041190552996,0.795483767281109,0.54044068663594
1.14041190552996,0.795483767281109,0.54044068663594,1.29653451152074
0.795483767281109,0.54044068663594,1.29653451152074,0.935435182027653
0.54044068663594,1.29653451152074,0.935435182027653,0.869352695852534
1.29653451152074,0.935435182027653,0.869352695852534,0.791683983870968
0.935435182027653,0.869352695852534,0.791683983870968,0.430356032258072
0.869352695852534,0.791683983870968,0.430356032258072,0.31788647004608
0.791683983870968,0.430356032258072,0.31788647004608,0.267578025345625
0.430356032258072,0.31788647004608,0.267578025345625,0.655193815668202
0.31788647004608,0.267578025345625,0.655193815668202,0.216906682027645
0.267578025345625,0.655193815668202,0.216906682027645,0.348457905529958
0.655193815668202,0.216906682027645,0.348457905529958,0.157562338709685
0.216906682027645,0.348457905529958,0.157562338709685,0.513543829493081
0.348457905529958,0.157562338709685,0.513543829493081,0.186830940092165
0.157562338709685,0.513543829493081,0.186830940092165,0.621932467741942
0.513543829493081,0.186830940092165,0.621932467741942,0.841237838709677
0.186830940092165,0.621932467741942,0.841237838709677,0.579993412442402
0.621932467741942,0.841237838709677,0.579993412442402,-0.323239253456215
0.841237838709677,0.579993412442402,-0.323239253456215,0.344044184331796
0.579993412442402,-0.323239253456215,0.344044184331796,0.444026311059915
-0.323239253456215,0.344044184331796,0.444026311059915,0.79787538709677
0.344044184331796,0.444026311059915,0.79787538709677,0.886901682027645
0.444026311059915,0.79787538709677,0.886901682027645,0.693699334101382
0.79787538709677,0.886901682027645,0.693699334101382,1.04086791013825
0.886901682027645,0.693699334101382,1.04086791013825,0.707959972350228
0.693699334101382,1.04086791013825,0.707959972350228,0.498995797235029
1.04086791013825,0.707959972350228,0.498995797235029,1.08127875345622
0.707959972350228,0.498995797235029,1.08127875345622,-0.0694180184331863
0.498995797235029,1.08127875345622,-0.0694180184331863,0.288101555299544
1.08127875345622,-0.0694180184331863,0.288101555299544,0.451160317972356
-0.0694180184331863,0.288101555299544,0.451160317972356,0.73617204147466
0.288101555299544,0.451160317972356,0.73617204147466,0.690915596774204
0.451160317972356,0.73617204147466,0.690915596774204,0.81481352995392
0.73617204147466,0.690915596774204,0.81481352995392,0.555208396313365
0.690915596774204,0.81481352995392,0.555208396313365,0.445547048387102
0.81481352995392,0.555208396313365,0.445547048387102,0.561224195852539
0.555208396313365,0.445547048387102,0.561224195852539,0.672951686635937
0.445547048387102,0.561224195852539,0.672951686635937,0.580194225806448
0.561224195852539,0.672951686635937,0.580194225806448,0.858537753456218
0.672951686635937,0.580194225806448,0.858537753456218,0.715563838709681
0.580194225806448,0.858537753456218,0.715563838709681,0.328330126728115
0.858537753456218,0.715563838709681,0.328330126728115,0.356067746543783
0.715563838709681,0.328330126728115,0.356067746543783,0.094774755760362
0.328330126728115,0.356067746543783,0.094774755760362,0.0156628824884848
0.356067746543783,0.094774755760362,0.0156628824884848,-0.155194184331801
0.094774755760362,0.0156628824884848,-0.155194184331801,0.201408824884787
0.0156628824884848,-0.155194184331801,0.201408824884787,0.330478619815679
-0.155194184331801,0.201408824884787,0.330478619815679,0.318924195852539
0.201408824884787,0.330478619815679,0.318924195852539,0.213466400921654
0.330478619815679,0.318924195852539,0.213466400921654,0.509453797235029
0.318924195852539,0.213466400921654,0.509453797235029,0.523463896313366
0.213466400921654,0.509453797235029,0.523463896313366,0.43855126728111
0.509453797235029,0.523463896313366,0.43855126728111,-0.0573678732718861
0.523463896313366,0.43855126728111,-0.0573678732718861,0.158864032258069
0.43855126728111,-0.0573678732718861,0.158864032258069,0.194258898617509
-0.0573678732718861,0.158864032258069,0.194258898617509,0.282868882488483
0.158864032258069,0.194258898617509,0.282868882488483,-0.246256755760374
0.194258898617509,0.282868882488483,-0.246256755760374,0.196042396313359
0.282868882488483,-0.246256755760374,0.196042396313359,0.0226731912442482
-0.246256755760374,0.196042396313359,0.0226731912442482,0.0255871958525375
0.196042396313359,0.0226731912442482,0.0255871958525375,0.778270972350228
0.0226731912442482,0.0255871958525375,0.778270972350228,0.269519225806448
0.0255871958525375,0.778270972350228,0.269519225806448,0.609783896313363
0.778270972350228,0.269519225806448,0.609783896313363,0.398936695852534
0.269519225806448,0.609783896313363,0.398936695852534,-0.181888587557602
0.609783896313363,0.398936695852534,-0.181888587557602,-0.0719048248847862
