,data,co2,ch4,n2o
0,1961-02-28,0.00019193933724181989,0.0012205610547446344,8.623291515696963e-05
1,1961-03-31,0.0001919025036025701,0.00121907310140984,8.622547968295535e-05
2,1961-04-30,0.00019186568409690352,0.001217588771505962,8.62180454903605e-05
3,1961-05-31,0.0001918288787177147,0.0012161080518146017,8.621061257962914e-05
4,1961-06-30,0.00019179208745612186,0.0012146309291792556,8.62031809507613e-05
5,1961-07-31,0.00019175531030501958,0.0012131573905105608,8.619575060286877e-05
6,1961-08-31,0.00019171854725641424,0.0012116874227784125,8.618832153572953e-05
7,1961-09-30,0.00019168179829875953,0.001210221013018764,8.618089374934357e-05
8,1961-10-31,0.00019164506342939092,0.0012087581483298249,8.617346724282271e-05
9,1961-11-30,0.0001916083426358739,0.0012072988158712272,8.616604201594491e-05
10,1961-12-31,0.0001915716359128794,0.001205843002865109,8.61586180693763e-05
11,1962-01-31,0.0001915349432488611,0.0012043906965949758,8.615119540111849e-05
12,1962-02-28,0.00021248214639690843,0.0008319613060743247,8.614377401183759e-05
13,1962-03-31,0.00021243700732576087,0.0008312697217910392,8.613635390153362e-05
14,1962-04-30,0.00021239188742860904,0.0008305792863388395,8.612893506865227e-05
15,1962-05-31,0.00021234678669301843,0.0008298899968580964,8.612151751452579e-05
16,1962-06-30,0.0002123017051083309,0.0008292018504973686,8.611410123737784e-05
17,1962-07-31,0.0002122566426612238,0.0008285148444160395,8.610668623743045e-05
18,1962-08-31,0.0002122115993392626,0.0008278289757815971,8.609927251423954e-05
19,1962-09-30,0.00021216657513090098,0.0008271442417725761,8.609186006780511e-05
20,1962-10-31,0.00021212157002370446,0.0008264606395738394,8.608444889746103e-05
21,1962-11-30,0.00021207658400523854,0.0008257781663838504,8.607703900298525e-05
22,1962-12-31,0.0002120316170639569,0.00082509681940654,8.606963038437776e-05
23,1963-01-31,0.00021198666918831321,0.0008244165958566918,8.606222304008426e-05
24,1963-02-28,0.00014129948449159713,0.0013384826530540572,0.0001147381103892009
25,1963-03-31,0.00014127952176856695,0.0013366935117094247,0.00011472494706543657
26,1963-04-30,0.00014125956468458156,0.0013349091470485352,0.000114711786762145
27,1963-05-31,0.0001412396132378646,0.0013331295399678644,0.0001146986294768837
28,1963-06-30,0.0001412196674275279,0.0013313546714640856,0.0001146854752103188
29,1963-07-31,0.00014119972724824237,0.0013295845226378444,0.0001146723239604519
30,1963-08-31,0.00014117979270000802,0.001327819074688097,0.00011465917572595075
31,1963-09-30,0.00014115986378016032,0.0013260583089122757,0.00011464603050681532
32,1963-10-31,0.00014113994048514655,0.001324302206710759,0.00011463288830104723
33,1963-11-30,0.00014112002281319036,0.0013225507495789601,0.00011461974910842443
34,1963-12-31,0.00014110011076251538,0.001320803919111574,0.00011460661292694851
35,1964-01-31,0.0001410802043304571,0.001319061696999524,0.00011459347975639744
36,1964-02-29,0.00016456841969159086,0.0006562149955760821,8.593649298438422e-05
37,1964-03-31,0.0001645413413831065,0.0006557846598322647,8.592910853866265e-05
38,1964-04-30,0.00016451427198393986,0.0006553548881348403,8.592172536125986e-05
39,1964-05-31,0.00016448721149053824,0.0006549256793741687,8.591434345217586e-05
40,1964-06-30,0.0001644601598966844,0.0006544970324453836,8.590696281229881e-05
41,1964-07-31,0.00016443311720060194,0.0006540689462456173,8.589958343963033e-05
42,1964-08-31,0.00016440608339518548,0.0006536414196758045,8.589220533528064e-05
43,1964-09-30,0.00016437905847777046,0.0006532144516394334,8.588482849791745e-05
44,1964-10-31,0.000164352042443916,0.0006527880410416576,8.587745292754079e-05
45,1964-11-30,0.0001643250352891812,0.0006523621867924045,8.587007862370655e-05
46,1964-12-31,0.00016429803700823697,0.0006519368878035448,8.586270558685882e-05
47,1965-01-31,0.00016427104759753064,0.000651512142990196,8.585533381522126e-05
48,1965-02-28,0.00010949904199275551,6.611963689495681e-05,5.723279440683626e-05
49,1965-03-31,0.0001094870532654113,6.611526537778079e-05,5.7229519001333884e-05
50,1965-04-30,0.00010947506716263433,6.611089443844809e-05,5.722624397130893e-05
51,1965-05-31,0.00010946308368442459,6.610652407681994e-05,5.722296931542914e-05
52,1965-06-30,0.00010945110282900572,6.610215429320165e-05,5.7219695034582685e-05
53,1965-07-31,0.00010943912459637772,6.609778508737119e-05,5.721642112832548e-05
54,1965-08-31,0.00010942714898476424,6.609341645874567e-05,5.7213147596879566e-05
55,1965-09-30,0.00010941517599416528,6.608904840810226e-05,5.7209874440244946e-05
56,1965-10-31,0.00010940320562280448,6.608468093408093e-05,5.7206601657311396e-05
57,1965-11-30,0.00010939123787068183,6.608031403759762e-05,5.720332924918914e-05
58,1965-12-31,0.00010937927273690917,6.607594771840253e-05,5.720005721565613e-05
59,1966-01-31,0.00010936731022059831,6.607158197582952e-05,5.7196785556490326e-05
60,1966-02-28,0.0003488538624081272,0.0008301476812089814,2.8597166022770182e-05
61,1966-03-31,0.00034873220582998243,0.000829459107614311,2.8596348248033365e-05
62,1966-04-30,0.0003486106340737649,0.000828771675360801,2.859553052059205e-05
63,1966-05-31,0.00034848914704976863,0.000828085381612359,2.85947128397801e-05
64,1966-06-30,0.00034836774467006393,0.0008274002235433564,2.859389520515343e-05
65,1966-07-31,0.00034824642684672114,0.0008267161983372406,2.8593077618044305e-05
66,1966-08-31,0.0003481251934909224,0.0008260333031860911,2.8592260077120457e-05
67,1966-09-30,0.0003480040445138499,0.0008253515352925345,2.859144258304802e-05
68,1966-10-31,0.00034788297982935035,0.0008246708918672185,2.8590625136271086e-05
69,1966-11-30,0.0003477619993468295,0.0008239913701306445,2.858980773523534e-05
70,1966-12-31,0.00034764110298102224,0.0008233129673119455,2.858899038171714e-05
71,1967-01-31,0.00034752029064311074,0.0008226356806508295,2.8588173074828305e-05
72,1967-02-28,0.00020223233452831835,0.0006646384575576259,0.0
73,1967-03-31,0.00020219144488020646,0.0006641970066676994,0.0
74,1967-04-30,0.0002021505717637595,0.000663756141808608,0.0
75,1967-05-31,0.0002021097151692075,0.0006633158618153945,0.0
76,1967-06-30,0.00020206887508589233,0.0006628761655242676,0.0
77,1967-07-31,0.0002020280515049322,0.0006624370517752387,0.0
78,1967-08-31,0.00020198724441566895,0.0006619985194119271,0.0
79,1967-09-30,0.00020194645380744447,0.0006615605672798675,0.0
80,1967-10-31,0.00020190567967137696,0.0006611231942282025,0.0
81,1967-11-30,0.00020186492199680828,0.0006606863991102385,0.0
82,1967-12-31,0.00020182418077485664,0.0006602501807797534,0.0
83,1968-01-31,0.00020178345599308756,0.0006598145380955489,0.0
84,1968-02-29,0.00022760425925127947,0.0012230431515741214,0.00014292860740394708
85,1968-03-31,0.00022755246734096346,0.0012215491440729087,0.00014290818173678943
86,1968-04-30,0.00022750069899402092,0.0012200587821268316,0.00014288776190629626
87,1968-05-31,0.00022744895419890554,0.0012185720524086063,0.00014286734791069122
88,1968-06-30,0.0002273972329351892,0.0012170889416553976,0.00014284693974708773
89,1968-07-31,0.00022734553518954925,0.001215609436670373,0.0001428265374134874
90,1968-08-31,0.00022729386094511028,0.0012141335243194828,0.00014280614090678156
91,1968-09-30,0.0002272422101849969,0.0012126611915324048,0.00014278575022474982
92,1968-10-31,0.00022719058289499827,0.0012111924253029316,0.00014276536536494966
93,1968-11-30,0.0002271389790573508,0.0012097272126872505,0.0001427449863249386
94,1968-12-31,0.00022708739865784366,0.001208265540804443,0.00014272461310138596
95,1969-01-31,0.00022703584167871327,0.0012068073968354853,0.0001427042456936256
96,1969-02-28,0.0004075032231085629,0.0015268471405913142,0.0006846970483169734
97,1969-03-31,0.0004073372318726953,0.0015245194320043232,0.0006842285590247243
98,1969-04-30,0.00040717137580870144,0.001522198809890296,0.0006837607104006604
99,1969-05-31,0.0004070056547531564,0.0015198852419381348,0.0006832935011324981
100,1969-06-30,0.0004068400685435236,0.0015175786960308635,0.0006828269299106182
101,1969-07-31,0.0004066746170119373,0.0015152791402484045,0.0006823609954291765
102,1969-08-31,0.00040650929999497265,0.0015129865428625822,0.0006818956963849931
103,1969-09-30,0.0004063441173309812,0.0015107008723371784,0.0006814310314791072
104,1969-10-31,0.0004061790688529854,0.001508422097326212,0.0006809669994163325
105,1969-11-30,0.00040601415439933675,0.0015061501866726057,0.0006805035989048136
106,1969-12-31,0.00040584937380749864,0.0015038851094067995,0.0006800408286551374
107,1970-01-31,0.00040568472691226987,0.00150162683474514,0.0006795786873843301
108,1970-02-28,0.0002720760186907256,0.0015639692854271248,-0.0001698513804506696
109,1970-03-31,0.00027200201346566644,0.0015615271045004708,-0.00016988023484354464
110,1970-04-30,0.00027192804848841234,0.001559092538748863,-0.0001699090990407992
111,1970-05-31,0.0002718541237269889,0.0015566655526096373,-0.00016993797304865055
112,1970-06-30,0.0002717802391467572,0.0015542461107408978,-0.00016996685687264979
113,1970-07-31,0.0002717063947175191,0.0015518341780202949,-0.00016999575051546145
114,1970-08-31,0.0002716325904064121,0.001549429719543416,-0.00017002465398419098
115,1970-09-30,0.00027155882617790894,0.001547032700621176,-0.0001700535672835013
116,1970-10-31,0.00027148510200092346,0.0015446430867790961,-0.00017008249041761125
117,1970-11-30,0.0002714114178452576,0.001542260843756027,-0.00017011142339229401
118,1970-12-31,0.00027133777367449596,0.0015398859375008178,-0.0001701403662122125
119,1971-01-31,0.00027126416945844056,0.00153751833417215,-0.00017016931888269582
120,1971-02-28,0.00016374652075157314,0.00033902170988237,5.672632386599652e-05
121,1971-03-31,0.00016371971221929016,0.00033890681311410376,5.6723106172551496e-05
122,1971-04-30,0.00016369291246220996,0.0003387919941977846,5.67198888441478e-05
123,1971-05-31,0.0001636661214785562,0.00033867725305475327,5.671667188078544e-05
124,1971-06-30,0.0001636393392621116,0.00033856258960585084,5.671345528246441e-05
125,1971-07-31,0.00016361256581021166,0.0003384480037724735,5.671023904896266e-05
126,1971-08-31,0.0001635858011175273,0.0003383334954748518,5.670702317961407e-05
127,1971-09-30,0.0001635590451796176,0.00033821906463554763,5.6703807676194984e-05
128,1971-10-31,0.0001635322979929299,0.00033810471117518004,5.670059253626292e-05
129,1971-11-30,0.00016350555955302326,0.00033799043501564485,5.6697377761594225e-05
130,1971-12-31,0.000163478829856345,0.0003378762360785603,5.6694163351078686e-05
131,1972-01-31,0.00016345210889578965,0.00033776211428582226,5.669094930516039e-05
132,1972-02-29,0.0002885299165535926,0.0014050935410251375,0.00045341193250125755
133,1972-03-31,0.00028844669105332343,0.0014031220230100172,0.00045320644328872284
134,1972-04-30,0.00028836351355110423,0.0014011560298042847,0.0004530011402494871
135,1972-05-31,0.0002882803840060788,0.0013991955382190446,0.00045279602313130773
136,1972-06-30,0.00028819730237650276,0.0013972405251912456,0.00045259109168127587
137,1972-07-31,0.0002881142686215199,0.0013952909677905634,0.000452386345647815
138,1972-08-31,0.00028803128269760947,0.0013933468432099083,0.0004521817847791265
139,1972-09-30,0.0002879483445665798,0.0013914081287730307,0.000451977408824078
140,1972-10-31,0.00028786545418579834,0.001389474801927082,0.00045177321753286925
141,1972-11-30,0.00028778261151174434,0.0013875468402468338,0.00045156921065392375
142,1972-12-31,0.0002876998165071143,0.0013856242214283498,0.0004513653879383295
143,1973-01-31,0.00028761706912838747,0.0013837069232936483,0.0004511617491369524
144,1973-02-28,0.0005673556925289702,0.0003441187424723102,0.00011275864025028781
145,1973-03-31,0.0005670339825618598,0.0003440003654979762,0.00011274592717280818
146,1973-04-30,0.0005667126372292941,0.00034388206993918313,0.00011273321696170235
147,1973-05-31,0.0005663916559122129,0.0003437638557114431,0.00011272050961586011
148,1973-06-30,0.0005660710379906675,0.00034364572273176686,0.0001127078051350594
149,1973-07-31,0.0005657507828500385,0.00034352767091588854,0.00011269510351685774
150,1973-08-31,0.0005654308898721538,0.00034340970018026384,0.00011268240476192126
151,1973-09-30,0.0005651113584459466,0.00034329181044157053,0.00011266970886780747
152,1973-10-31,0.0005647921879559092,0.0003431740016157647,0.00011265701583473842
153,1973-11-30,0.0005644733777945277,0.0003430562736205789,0.00011264432566138183
154,1973-12-31,0.0005641549273480706,0.0003429386263723577,0.0001126316383461834
155,1974-01-31,0.0005638368360099122,0.00034282105978750144,0.00011261895388892107
156,1974-02-28,0.00012637719565589123,0.0021444733987085463,-8.446302636033742e-05
157,1974-03-31,0.00012636122647879944,0.0021398844716278287,-8.447016096568838e-05
158,1974-04-30,0.0001263452613367022,0.002135315142173133,-8.447729677696358e-05
159,1974-05-31,0.00012632930022782318,0.0021307652850703906,-8.44844337934969e-05
160,1974-06-30,0.00012631334315127418,0.0021262347761111244,-8.449157201595447e-05
161,1974-07-31,0.00012629739010616703,0.0021217234921410144,-8.449871144478038e-05
162,1974-08-31,0.0001262814410898372,0.00211723131104824,-8.450585208064076e-05
163,1974-09-30,0.0001262654961005083,0.002112758111753932,-8.451299392309153e-05
164,1974-10-31,0.00012624955513818037,0.0021083037741996824,-8.452013697302085e-05
165,1974-11-30,0.00012623361819930068,0.002103868179337054,-8.45272812302067e-05
166,1974-12-31,0.0001262176852847574,0.0020994512091183637,-8.453442669553723e-05
167,1975-01-31,0.00012620175639099784,0.002095052746484305,-8.454157336923451e-05
168,1975-02-28,0.00022712303352356855,-6.448795103486393e-05,0.000732456296656192
169,1975-03-31,0.0002270714603636037,-6.449210999898147e-05,0.00073192019707502
170,1975-04-30,0.00022701991062135107,-6.449626949961429e-05,0.0007313848816845603
171,1975-05-31,0.0002269683842781589,-6.450042953654034e-05,0.0007308503487648554
172,1975-06-30,0.00022691688132070453,-6.450459011059229e-05,0.0007303165966014991
173,1975-07-31,0.0002268654017303362,-6.450875122071542e-05,0.00072978362348608
174,1975-08-31,0.00022681394549373124,-6.451291286846406e-05,0.0007292514277130735
175,1975-09-30,0.00022676251259312608,-6.451707505245041e-05,0.0007287200075833944
176,1975-10-31,0.00022671110301430986,-6.452123777445085e-05,0.0007281893614030643
177,1975-11-30,0.00022665971673863083,-6.45254010331886e-05,0.0007276594874821019
178,1975-12-31,0.0002266083537536545,-6.452956482910777e-05,0.0007271303841360766
179,1976-01-31,0.00022655701404161732,-6.453372916254141e-05,0.0007266020496856651
180,1976-02-29,0.00024412065721701737,0.0010924050795174112,-0.00025145635269341327
181,1976-03-31,0.00024406107686747447,0.0010912130327391245,-0.00025151959889480047
182,1976-04-30,0.00024400152559067578,0.001090023584679578,-0.0002515828769189543
183,1976-05-31,0.0002439420033706341,0.0010888367268502286,-0.00025164618679140993
184,1976-06-30,0.00024388251018070406,0.0010876524507988927,-0.0002517095285348159
185,1976-07-31,0.00024382304600489846,0.001086470748110413,-0.00025177290217315296
186,1976-08-31,0.0002437636108183483,0.00108529161040688,-0.0002518363077319563
187,1976-09-30,0.00024370420460151365,0.001084115029345467,-0.0002518997452338745
188,1976-10-31,0.00024364482733219006,0.0010829409966202075,-0.00025196321470377647
189,1976-11-30,0.00024358547898994942,0.0010817695039609942,-0.00025202671616586514
190,1976-12-31,0.00024352615955347545,0.0010806005431337473,-0.0002520902496436772
191,1977-01-31,0.0002434668690005637,0.0010794341059392476,-0.0002521538151625258
192,1977-02-28,0.0004340773353082028,0.0011037225273057283,0.000504244064806203
193,1977-03-31,0.00043388899392748925,0.0011025056668418909,0.0005039899308696416
194,1977-04-30,0.00043370081591298515,0.0011012914866138646,0.0005037360529658308
195,1977-05-31,0.0004335128010550804,0.0011000799777777792,0.0005034824307079688
196,1977-06-30,0.00043332494913972397,0.0010988711315255695,0.0005032290637103642
197,1977-07-31,0.00043313725995552943,0.0010976649390911364,0.0005029759515879917
198,1977-08-31,0.0004329497332911103,0.0010964613917432975,0.0005027230939560479
199,1977-09-30,0.0004327623689359683,0.0010952604807920596,0.0005024704904312838
200,1977-10-31,0.00043257516667960516,0.001094062197583845,0.0005022181406304504
201,1977-11-30,0.0004323881263106344,0.0010928665335037113,0.0005019660441716312
202,1977-12-31,0.00043220124762033407,0.001091673479973021,0.0005017142006740194
203,1978-01-31,0.00043201453039731774,0.001090483028452549,0.0005014626097559205
204,1978-02-28,0.00040687189713040084,0.0005353709171213583,0.00027036042459416265
205,1978-03-31,0.0004067064197164072,0.0005350844484627859,0.0002702873495905589
206,1978-04-30,0.0004065410768472333,0.0005347982862099476,0.00027021431407980856
207,1978-05-31,0.0004063758683621188,0.0005345124298715143,0.0002701413180283829
208,1978-06-30,0.0004062107940958626,0.0005342268789575444,0.0002700683614045296
209,1978-07-31,0.0004060458538841516,0.0005339416329788182,0.0002699954441769403
210,1978-08-31,0.0004058810475653374,0.0005336566914464491,0.0002699225663134186
211,1978-09-30,0.0004057163749768833,0.0005333720538745479,0.00026984972778221206
212,1978-10-31,0.0004055518359535881,0.0005330877197756712,0.00026977692855068014
213,1978-11-30,0.0004053874303338034,0.0005328036886653176,0.0002697041685881807
214,1978-12-31,0.00040522315795765707,0.000532519960059763,0.00026963144786207316
215,1979-01-31,0.00040505901865994787,0.0005322365334753942,0.00026955876634149334
216,1979-02-28,0.00034032152017537953,0.00015672005401440314,0.0002433503243597368
217,1979-03-31,0.0003402057408381509,0.00015669549668761995,0.00024329111938681258
218,1979-04-30,0.0003400900402539264,0.00015667094705584805,0.00024323194321507202
219,1979-05-31,0.0003399744183383291,0.00015664640511503514,0.00024317279582275475
220,1979-06-30,0.0003398588750140874,0.00015662187086179502,0.00024311367718987675
221,1979-07-31,0.00033974341020037713,0.00015659734429301908,0.0002430545872953438
222,1979-08-31,0.00033962802381548585,0.0001565728254041554,0.00024299552611761754
223,1979-09-30,0.00033951271578214204,0.0001565483141922619,0.00024293649363604786
224,1979-10-31,0.0003393974860186333,0.00015652381065378584,0.00024287748983042867
225,1979-11-30,0.0003392823344459117,0.00015649931478434187,0.00024281851467833349
226,1979-12-31,0.00033916726098492944,0.00015647482658098788,0.00024275956816066646
227,1980-01-31,0.0003390522655557504,0.0001564503460403377,0.0002427006502550011
228,1980-02-29,0.0004700282845648829,0.0005252900053042686,-8.210306670264345e-05
229,1980-03-31,0.0004698074617657255,0.0005250142205752151,-8.210980816958369e-05
230,1980-04-30,0.00046958684635711734,0.0005247387252759195,-8.211655074363833e-05
231,1980-05-31,0.0004693664380477358,0.0005244635189514679,-8.212329442569555e-05
232,1980-06-30,0.00046914623654537024,0.0005241886011465025,-8.213003921508921e-05
233,1980-07-31,0.00046892624156047447,0.0005239139714086072,-8.213678511226341e-05
234,1980-08-31,0.0004687064528008378,0.0005236396292844225,-8.214353211810632e-05
235,1980-09-30,0.0004684868699786904,0.0005233655743229759,-8.215028023217386e-05
236,1980-10-31,0.00046826749280182156,0.0005230918060730727,-8.215702945513215e-05
237,1980-11-30,0.0004680483209833497,0.0005228183240856277,-8.216377978742528e-05
238,1980-12-31,0.00046782935423639316,0.0005225451279113336,-8.217053122883122e-05
239,1981-01-31,0.0004676105922714058,0.0005222722171026595,-8.217728377957201e-05
240,1981-02-28,0.000349334668621637,0.0013728321585227965,0.0005477630074461892
241,1981-03-31,0.00034921267652610055,0.0013709500738785518,0.0005474631273896247
242,1981-04-30,0.0003490907696024337,0.0013690731426589386,0.0005471635754996651
243,1981-05-31,0.0003489689477627067,0.0013672013437265318,0.0005468643512389626
244,1981-06-30,0.0003488472109181018,0.001365334656059758,0.0005465654540686149
245,1981-07-31,0.00034872555897713653,0.0013634730587515076,0.0005462668834539386
246,1981-08-31,0.0003486039918545458,0.0013616165310074702,0.0005459686388598062
247,1981-09-30,0.00034848250945973547,0.0013597650521489646,0.0005456707197528665
248,1981-10-31,0.0003483611117038876,0.0013579186016064448,0.0005453731255986582
249,1981-11-30,0.0003482397984990726,0.0013560771589244958,0.0005450758558684932
250,1981-12-31,0.0003481185697573608,0.0013542407037576143,0.0005447789100305744
251,1982-01-31,0.00034799742539082246,0.0013524092158697654,0.0005444822875559918
252,1982-02-28,0.0003282809134130815,0.004018693663698614,0.00022134193624201437
253,1982-03-31,0.0003281731804207766,0.004002608385181627,0.00022129295483108713
254,1982-04-30,0.00032806551811503937,0.003986651359801141,0.00022124399509326764
255,1982-05-31,0.0003279579264274801,0.003970821059741059,0.0002211950570150112
256,1982-06-30,0.00032785040528704457,0.003955115981353896,0.00022114614058144078
257,1982-07-31,0.00032774295462623115,0.0039395346446904345,0.00022109724577901169
258,1982-08-31,0.0003276355743739856,0.0039240755930281535,0.00022104837259240284
259,1982-09-30,0.0003275282644619182,0.003908737392422035,0.0002209995210074034
260,1982-10-31,0.00032742102482075097,0.0038935186312590853,0.0002209506910104686
261,1982-11-30,0.00032731385538120605,0.003878417919825683,0.0002209018825867215
262,1982-12-31,0.00032720675607667005,0.0038634338898851373,0.00022085309572217326
263,1983-01-31,0.0003270997268343123,0.0038485651942631316,0.00022080433040150282
264,1983-02-28,0.00038798704756359825,0.0012493038671626544,0.00016928843539609773
265,1983-03-31,0.0003878365719955923,0.0012477450542386914,0.00016925978167248168
266,1983-04-30,0.00038768621310225626,0.0012461901264705366,0.0001692311376468858
267,1983-05-31,0.0003875359707468107,0.0012446390693506837,0.00016920250331509123
268,1983-06-30,0.0003873858447960288,0.0012430918684445125,0.00016917387867043665
269,1983-07-31,0.0003872358351122429,0.001241548509390178,0.00016914526371047955
270,1983-08-31,0.0003870859415631145,0.0012400089778943357,0.00016911665842878065
271,1983-09-30,0.00038693616401186404,0.0012384732597371384,0.00016908806282045497
272,1983-10-31,0.0003867865023243766,0.0012369413407667396,0.00016905947688083955
273,1983-11-30,0.0003866369563665373,0.0012354132069039014,0.00016903090060504944
274,1983-12-31,0.0003864875260033429,0.0012338888441361662,0.00016900233398842168
275,1984-01-31,0.0003863382111024549,0.0012323682385222967,0.00016897377702584926
276,1984-02-29,0.00037647539327867463,0.0002933212334787494,3.333467737554052e-05
277,1984-03-31,0.0003763337128956934,0.00029323522136082136,3.3333566212156995e-05
278,1984-04-30,0.0003761921391083334,0.0002931492596726648,3.333245512271432e-05
279,1984-05-31,0.0003760506718002432,0.000293063348368372,3.333134410699046e-05
280,1984-06-30,0.00037590931084885426,0.0002929774874040336,3.3330233165651535e-05
281,1984-07-31,0.00037576805613781517,0.0002928916767360179,3.332912229803142e-05
282,1984-08-31,0.00037562690754189276,0.00029280591631963837,3.3328011504574206e-05
283,1984-09-30,0.00037548586494651204,0.0002927202061109857,3.332690078527989e-05
284,1984-10-31,0.00037534492822999255,0.00029263454606559547,3.3325790140370515e-05
285,1984-11-30,0.0003752040972733184,0.0002925489361398359,3.3324679568957905e-05
286,1984-12-31,0.00037506337195747363,0.00029246337628968666,3.332356907148615e-05
287,1985-01-31,0.0003749227521643306,0.0002923778664710164,3.332245864817729e-05
288,1985-02-28,0.00035302452919871996,5.6303201849683404e-05,7.805241429847953e-05
289,1985-03-31,0.00035289994686049653,5.6300031977596365e-05,7.804632259444944e-05
290,1985-04-30,0.0003527754524199622,5.629686246216847e-05,7.804023184143638e-05
291,1985-05-31,0.000352651045787411,5.629369330412137e-05,7.803414203877423e-05
292,1985-06-30,0.0003525267268660315,5.629052450234484e-05,7.802805318668504e-05
293,1985-07-31,0.00035240249556789394,5.6287356057671545e-05,7.802196528428063e-05
294,1985-08-31,0.00035227835179529876,5.628418796954637e-05,7.801587833267121e-05
295,1985-09-30,0.0003521542954594281,5.628102023813586e-05,7.800979232985839e-05
296,1985-10-31,0.0003520303264661351,5.62778528629404e-05,7.800370727673034e-05
297,1985-11-30,0.00035190644472482546,5.627468584457063e-05,7.799762317328707e-05
298,1985-12-31,0.00035178265014135235,5.627151918258244e-05,7.799154001841835e-05
299,1986-01-31,0.0003516589426260097,5.626835287680931e-05,7.798545781234623e-05
300,1986-02-28,0.0003250540882504538,0.0006202978070217746,0.0001613206232884412
301,1986-03-31,0.00032494846242236974,0.0006199132761641746,0.0001612946031424034
302,1986-04-30,0.0003248429052202795,0.0006195292217620052,0.00016126859138898553
303,1986-05-31,0.00032473741657224053,0.0006191456429314734,0.00016124258802396874
304,1986-06-30,0.0003246319964160804,0.0006187625387892859,0.00016121659304291214
305,1986-07-31,0.00032452664468252124,0.0006183799084550357,0.0001611906064427071
306,1986-08-31,0.00032442136130583776,0.0006179977510501478,0.00016116462821846866
307,1986-09-30,0.0003243161462194166,0.0006176160656984897,0.00016113865836642205
308,1986-10-31,0.00032421099935664444,0.0006172348515256498,0.00016111269688257046
309,1986-11-30,0.0003241059206509078,0.0006168541076601586,0.00016108674376269505
310,1986-12-31,0.00032400091003736975,0.0006164738332315456,0.00016106079900302106
311,1987-01-31,0.0003238959674476405,0.0006160940273731152,0.00016103486259932964
312,1987-02-28,0.0004245047208950581,0.0006582835351786609,0.00024312737677667506
313,1987-03-31,0.00042432459309971193,0.000657850483021527,0.0002430682802230244
314,1987-04-30,0.00042414461810480475,0.0006574180002569818,0.00024300921239150952
315,1987-05-31,0.0004239647957149373,0.0006569860857627563,0.00024295017326081414
316,1987-06-30,0.000423785125738263,0.000656554738419246,0.0002428911628102881
317,1987-07-31,0.0004236056079802708,0.00065612395711101,0.00024283218101950332
318,1987-08-31,0.00042342624224644965,0.0006556937407236618,0.00024277322786669941
319,1987-09-30,0.00042324702834584116,0.0006552640881472005,0.00024271430333167032
320,1987-10-31,0.0004230679660821579,0.000654834998274012,0.00024265540739287772
321,1987-11-30,0.00042288905526799425,0.0006544064699987029,0.00024259654003055964
322,1987-12-31,0.00042271029570795093,0.0006539785022207645,0.0002425377012229557
323,1988-01-31,0.0004225316872101814,0.0006535510938396327,0.0002424788909500819
324,1988-02-29,0.0005726393101568306,0.00046545483183541014,0.00027430388757410107
325,1988-03-31,0.0005723115820375213,0.00046523828442407433,0.0002742286655845749
326,1988-04-30,0.0005719842288307575,0.000465021938411303,0.00027415348483983415
327,1988-05-31,0.0005716572498899453,0.0004648057935163208,0.0002740783453059059
328,1988-06-30,0.0005713306445755961,0.0004645898494585743,0.0002740032469483733
329,1988-07-31,0.0005710044122482216,0.000464374105959231,0.0002739281897352619
330,1988-08-31,0.0005706785522683333,0.00046415856273746003,0.00027385317362993433
331,1988-09-30,0.0005703530639991072,0.0004639432195155391,0.0002737781986015264
332,1988-10-31,0.0005700279468037195,0.00046372807601524624,0.0002737032646140669
333,1988-11-30,0.0005697032000488989,0.00046351313195847066,0.0002736283716351373
334,1988-12-31,0.0005693788231031505,0.0004632983870682672,0.0002735535196303207
335,1989-01-31,0.0005690548153332031,0.00046308384106774625,0.0002734787085667545
336,1989-02-28,0.0003578644300805678,0.0007396678295258363,0.0003055110113741044
337,1989-03-31,0.00035773640894376513,0.0007391211253822139,0.00030541770290226644
338,1989-04-30,0.0003576084793683876,0.0007385752288032732,0.00030532445140885045
339,1989-05-31,0.00035748064125940004,0.000738030138000445,0.0003052312568423421
340,1989-06-30,0.0003573528945155502,0.0007374858511909332,0.0003051381191496727
341,1989-07-31,0.00035722523904091474,0.0007369423665981589,0.00030504503827977203
342,1989-08-31,0.0003570976747377941,0.0007363996824487629,0.0003049520141804596
343,1989-09-30,0.0003569702015067122,0.0007358577969763802,0.00030485904679933284
344,1989-10-31,0.00035684281925263406,0.0007353167084186429,0.0003047661360846554
345,1989-11-30,0.0003567155278769718,0.0007347764150197333,0.00030467328198491295
346,1989-12-31,0.00035658832728202583,0.0007342369150268313,0.00030458048444881314
347,1990-01-31,0.00035646121737187286,0.0007336982066949993,0.0003044877434232873
348,1990-02-28,0.00030206632473372963,0.00045997071594616745,0.00019986120637649485
349,1990-03-31,0.0003019751082220523,0.0004597592401558437,0.00019982126985640392
350,1990-04-30,0.00030188394678365427,0.00045954795873182075,0.00019978134929310443
351,1990-05-31,0.0003017928403687975,0.00045933687140620183,0.0001997414446777146
352,1990-06-30,0.0003017017889286322,0.00045912597791231136,0.00019970155600024242
353,1990-07-31,0.0003016107924125322,0.00045891527798291865,0.00019966168325136202
354,1990-08-31,0.0003015198507707595,0.0004587047713516812,0.00019962182642130344
355,1990-09-30,0.0003014289639535761,0.0004584944577521455,0.0001995819855007408
356,1990-10-31,0.0003013381319121322,0.00045828433692030046,0.00019954216048034823
357,1990-11-30,0.00030124735459668983,0.00045807440858980364,0.00019950235134968963
358,1990-12-31,0.0003011566319566228,0.0004578646724973101,0.00019946255810032731
359,1991-01-31,0.00030106596394485763,0.0004576551283780317,0.00019942278072204722
360,1991-02-28,0.0002868691543627122,0.00039547528556349576,0.0002236569584004311
361,1991-03-31,0.00028678688405214814,0.0003953189466883167,0.00022360694715084506
362,1991-04-30,0.0002867046609145163,0.00039516273137141233,0.00022355695826137278
363,1991-05-31,0.000286622484911625,0.0003950066394668994,0.00022350699171780342
364,1991-06-30,0.0002865403560017299,0.0003948506708281174,0.000223457047505482
365,1991-07-31,0.00028645827414663927,0.00039469482530984923,0.00022340712560842135
366,1991-08-31,0.0002863762393019442,0.00039453910276532334,0.0002233572260124106
367,1991-09-30,0.00028629425143034126,0.0003943835030498777,0.0002233073487023507
368,1991-10-31,0.0002862123104909742,0.0003942280260181841,0.00022325749366292058
369,1991-11-30,0.0002861304164420986,0.0003940726715246923,0.00022320766088013144
370,1991-12-31,0.0002860485692455228,0.00039391743942496227,0.00022315785033777402
371,1992-01-31,0.00028596676886039063,0.0003937623295739989,0.0002231080620223036
372,1992-02-29,0.00018981802133044567,0.0007163568966911393,4.584871418966685e-05
373,1992-03-31,0.00018978199728714173,0.0007158440968136892,4.584661218198782e-05
374,1992-04-30,0.00018974598691468003,0.0007153320305801625,4.584451036593329e-05
375,1992-05-31,0.00018970999020506696,0.0007148206964182613,4.584240874350165e-05
376,1992-06-30,0.0001896740071511971,0.0007143100927586854,4.5840307313138595e-05
377,1992-07-31,0.00018963803774418864,0.0007138002180367975,4.5838206075954346e-05
378,1992-08-31,0.00018960208197782435,0.0007132910706936224,4.583610503083868e-05
379,1992-09-30,0.00018956613984233428,0.0007127826491729605,4.583400417867978e-05
380,1992-10-31,0.00018953021133150116,0.0007122749519243854,4.5831903519033546e-05
381,1992-11-30,0.00018949429643821958,0.0007117679774011343,4.582980305212203e-05
382,1992-12-31,0.00018945839515271956,0.0007112617240607744,4.58277027772791e-05
383,1993-01-31,0.00018942250746789568,0.0007107561903663129,4.582560269539293e-05
384,1993-02-28,0.00016133161748843605,6.82567578448312e-05,0.00010804596314595294
385,1993-03-31,0.00016130559379679,6.825209917771247e-05,0.00010803429047756552
386,1993-04-30,0.00016127957849843,6.82474411466405e-05,0.0001080226203300505
387,1993-05-31,0.00016125357159069154,6.824278375094917e-05,0.00010801095270385197
388,1993-06-30,0.00016122757306735735,6.823812699152665e-05,0.00010799928759808175
389,1993-07-31,0.00016120158292842746,6.823347086726272e-05,0.00010798762501140757
390,1993-08-31,0.00016117560116590823,6.822881537826841e-05,0.00010797596494338535
391,1993-09-30,0.00016114962777802333,6.822416052465474e-05,0.0001079643073931269
392,1993-10-31,0.00016112366275944368,6.821950630619966e-05,0.0001079526523599661
393,1993-11-30,0.00016109770610661656,6.821485272257011e-05,0.00010794099984234862
394,1993-12-31,0.00016107175781598926,6.821019977376608e-05,0.00010792934984071856
395,1994-01-31,0.00016104581788400907,6.82055474598986e-05,0.00010791770235285547
396,1994-02-28,0.00040833327095057825,0.00022260233069726354,0.00016713533481116372
397,1994-03-31,0.0004081666029458475,0.00022255278992733274,0.00016710740525915924
398,1994-04-30,0.00040800007093988455,0.00022250327120332258,0.00016707948503991155
399,1994-05-31,0.0004078336747683764,0.00022245377451102222,0.00016705157414853566
400,1994-06-30,0.0004076674142678982,0.00022240429983455545,0.0001670236725810348
401,1994-07-31,0.00040750128926791973,0.00022235484716015552,0.00016699578033274598
402,1994-08-31,0.0004073352996059043,0.00022230541647316748,0.00016696789739811813
403,1994-09-30,0.0004071694451157626,0.00022225600775860332,0.00016694002377315442
404,1994-10-31,0.00040700372563229337,0.00022220662100191912,0.00016691215945363602
405,1994-11-30,0.00040683814099118365,0.00022215725618845994,0.00016688430443356772
406,1994-12-31,0.00040667269102723225,0.00022210791330368185,0.00016685645870961885
407,1995-01-31,0.00040650737557701433,0.00022205859233281888,0.00016682862227646034
408,1995-02-28,0.0004597348943127244,0.0003906574341534519,0.00020663768443252017
409,1995-03-31,0.00045952363525891826,0.00039050488051695087,0.00020659499412123417
410,1995-04-30,0.0004593125702738732,0.00039035244597973584,0.00020655232144561886
411,1995-05-31,0.0004591016990884711,0.0003902001304024738,0.00020650966639412793
412,1995-06-30,0.00045889102143714666,0.00039004793364560975,0.00020646702895699143
413,1995-07-31,0.00045868053705344636,0.00038989585557125395,0.00020642440912221893
414,1995-08-31,0.00045847024567091665,0.0003897438960395183,0.0002063818068795964
415,1995-09-30,0.0004582601470248804,0.0003895920549124021,0.0002063392222180216
416,1995-10-31,0.00045805024085066037,0.00038944033205090545,0.00020629665512639228
417,1995-11-30,0.00045784052688446764,0.00038928872731780473,0.00020625410559427237
418,1995-12-31,0.00045763100485896047,0.0003891372405749882,0.0002062115736103376
419,1996-01-31,0.00045742167451567894,0.0003889858716840111,0.0002061690591639298
420,1996-02-29,0.00041334767168255127,0.00010694051945081551,0.0002511421870254882
421,1996-03-31,0.00041317688597786173,0.00010692908439891013,0.00025107913046351626
422,1996-04-30,0.0004130062413416624,0.000106917651792382,0.00025101610555733345
423,1996-05-31,0.00041283573760342307,0.00010690622163012087,0.0002509531122842912
424,1996-06-30,0.0004126653745863962,0.00010689479391157164,0.0002508901506192984
425,1996-07-31,0.00041249515211738697,0.00010688336863595715,0.00025082722054037276
426,1996-08-31,0.00041232507002231245,0.00010687194580238923,0.00025076432202197907
427,1996-09-30,0.000412155128128866,0.00010686052541009072,0.00025070145504124675
428,1996-10-31,0.00041198532626030016,0.00010684910745817344,0.000250638619574417
429,1996-11-30,0.000411815664247861,0.00010683769194630433,0.00025057581559728703
430,1996-12-31,0.00041164614191568916,0.00010682627887304008,0.0002505130430874303
431,1997-01-31,0.00041147675909325443,0.00010681486823826969,0.0002504503020193116
432,1997-02-28,0.000257374232745633,0.0002938757636853362,0.00018658623116407647
433,1997-03-31,0.00025730800829304457,0.0002937894260927054,0.0001865514232366472
434,1997-04-30,0.00025724181791364487,0.00029370313921572855,0.00018651662829438642
435,1997-05-31,0.000257175661578124,0.0002936169030087754,0.0001864818463290785
436,1997-06-30,0.00025710953926161295,0.00029353071742777015,0.00018644707733361798
437,1997-07-31,0.00025704345093835457,0.0002934445824285259,0.0001864123213011215
438,1997-08-31,0.0002569773965817035,0.00029335849796585656,0.00018637757822403955
439,1997-09-30,0.0002569113761641262,0.0002932724639956863,0.0001863428480952667
440,1997-10-31,0.00025684538966075365,0.0002931864804737172,0.0001863081309072534
441,1997-11-30,0.0002567794370467169,0.0002931005473550963,0.0001862734266531163
442,1997-12-31,0.00025671351829359423,0.0002930146645958587,0.00018623873532574997
443,1998-01-31,0.00025664763337562846,0.00029292883215181753,0.0001862040569176049
444,1998-02-28,0.0006733868174446656,0.000361988068195207,0.00024107623509039833
445,1998-03-31,0.0006729336727637758,0.0003618570802480514,0.00024101813134635997
446,1998-04-30,0.0006724811375438122,0.00036172618706475923,0.00024096005560392264
447,1998-05-31,0.0006720292105599768,0.00036159538854219075,0.00024090200784221416
448,1998-06-30,0.0006715778905830305,0.00036146468457765035,0.0002408439880416946
449,1998-07-31,0.0006711271763926163,0.00036133407506877546,0.0002407859961821579
450,1998-08-31,0.0006706770667692652,0.00036120355991331454,0.00024072803224250983
451,1998-09-30,0.0006702275604979491,0.00036107313900857196,0.0002406700962034325
452,1998-10-31,0.0006697786563671926,0.0003609428122529623,0.0002406121880449419
453,1998-11-30,0.0006693303531646322,0.00036081257954423407,0.00024055430774638786
454,1998-12-31,0.0006688826496885625,0.0003606824407812459,0.00024049645528756436
455,1999-01-31,0.0006684355447337254,0.0003605523958614132,0.00024043863064893145
456,1999-02-28,0.0003817626573416888,0.00050335800878476,0.0002074172178687661
457,1999-03-31,0.00038161697023131325,0.0005031047669660227,0.00020737420488781133
458,1999-04-30,0.00038147139427113785,0.0005028517798328913,0.0002073312097428115
459,1999-05-31,0.00038132592933681764,0.0005025990470023389,0.00020728823242310845
460,1999-06-30,0.0003811805752969022,0.0005023465680904504,0.0002072452729162677
461,1999-07-31,0.0003810353320279347,0.0005020943427155311,0.0002072023312125193
462,1999-08-31,0.00038089019940379387,0.0005018423704947761,0.00020715940730009486
463,1999-09-30,0.00038074517729391744,0.0005015906510483781,0.0002071165011685583
464,1999-10-31,0.00038060026557751314,0.0005013391839953085,0.00020707361280614123
465,1999-11-30,0.00038045546412490694,0.0005010879689566483,0.0002070307422019635
466,1999-12-31,0.00038031077281175385,0.0005008370055533673,0.00020698788934603307
467,2000-01-31,0.00038016619151193254,0.0005005862934081007,0.00020694505422547138
468,2000-02-29,0.00026919696897476086,0.00010802583412994338,0.00019929872568869023
469,2000-03-31,0.0002691245214689886,0.00010801416580985546,0.00019925901362127796
470,2000-04-30,0.0002690521129471435,0.00010800250000964073,0.00019921931737632015
471,2000-05-31,0.0002689797433790275,0.00010799083672918819,0.000199179636944935
472,2000-06-30,0.0002689074127308899,0.00010797917596794271,0.0001991399723173526
473,2000-07-31,0.00026883512097430895,0.00010796751772423896,0.00019910032348446904
474,2000-08-31,0.00026876286807464567,0.00010795586199752183,0.00019906069043629238
475,2000-09-30,0.00026869065400436654,0.00010794420878756927,0.00019902107316416284
476,2000-10-31,0.0002686184787297208,0.00010793255809316005,0.0001989814716578664
477,2000-11-30,0.00026854634221873397,0.0001079209099130729,0.00019894188590852124
478,2000-12-31,0.00026847424444120804,0.00010790926424719682,0.00019890231590657947
479,2001-01-31,0.0002684021853678331,0.00010789762109419954,0.00019886276164249317
480,2001-02-28,0.0003630177411233504,-9.098513835115174e-05,0.00019255700287312827
481,2001-03-31,0.0003628860070632456,-9.099341739948752e-05,0.0001925199318117965
482,2001-04-30,0.00036275436857824417,-9.100169795495106e-05,0.00019248287502193762
483,2001-05-31,0.00036262282556176473,-9.100998001787541e-05,0.00019244583249466984
484,2001-06-30,0.0003624913779125549,-9.101826358803855e-05,0.00019240880422177753
485,2001-07-31,0.0003623600255266979,-9.102654866677273e-05,0.00019237179019571116
486,2001-08-31,0.00036222876829938855,-9.103483525318978e-05,0.00019233479040781098
487,2001-09-30,0.0003620976061284864,-9.104312334951015e-05,0.00019229780484963932
488,2001-10-31,0.0003619665389091864,-9.105141295384644e-05,0.00019226083351320256
489,2001-11-30,0.0003618355665402362,-9.105970406897423e-05,0.0001922238763905071
490,2001-12-31,0.0003617046889177189,-9.106799669389432e-05,0.00019218693347289317
491,2002-01-31,0.000361573905939494,-9.107629082905078e-05,0.00019215000475258925
492,2002-02-28,0.0004691774104186308,5.6818103021716304e-05,0.000148810243932207
493,2002-03-31,0.00046895738620289507,5.681487490849513e-05,0.00014878810273843968
494,2002-04-30,0.0004687375682532746,5.6811647161869594e-05,0.00014876596813206966
495,2002-05-31,0.00046851795628288784,5.680841978172868e-05,0.00014874384011065445
496,2002-06-30,0.00046829854999863585,5.680519276851648e-05,0.0001487217186710854
497,2002-07-31,0.0004680793491145252,5.680196612201094e-05,0.00014869960381069802
498,2002-08-31,0.0004678603533410097,5.6798739841767976e-05,0.00014867749552571752
499,2002-09-30,0.00046764156238943144,5.67955139283427e-05,0.00014865539381392345
500,2002-10-31,0.00046742297597557325,5.679228838106898e-05,0.00014863329867242925
501,2002-11-30,0.0004672045938090008,5.678906319994681e-05,0.00014861121009834832
502,2002-12-31,0.0004669864156072734,5.678583838586437e-05,0.00014858912808768387
503,2003-01-31,0.00046676844108262117,5.678261393737838e-05,0.00014856705263910364
504,2003-02-28,0.0005692072436298545,6.0596729784201386e-05,0.00020101113338810705
505,2003-03-31,0.000568883431052214,6.0593058042957004e-05,0.00020097073603264626
506,2003-04-30,0.000568559986687589,6.0589386746912055e-05,0.00020093035491108857
507,2003-05-31,0.0005682369099089257,6.058571589562245e-05,0.00020088999001410812
508,2003-06-30,0.0005679142000900583,6.058204548875512e-05,0.00020084964133149086
509,2003-07-31,0.0005675918566057092,6.05783755269762e-05,0.00020080930885346682
510,2003-08-31,0.0005672698788341535,6.057470600961956e-05,0.00020076899257071013
511,2003-09-30,0.0005669482661510017,6.057103693690724e-05,0.00020072869247345082
512,2003-10-31,0.0005666270179363053,6.05673683086172e-05,0.00020068840855147485
513,2003-11-30,0.0005663061335727804,6.056370012474943e-05,0.00020064814079501225
514,2003-12-31,0.0005659856124404783,6.0560032384970874e-05,0.00020060788919518124
515,2004-01-31,0.0005656654539230033,6.055636508972562e-05,0.00020056765374110164
516,2004-02-29,0.00038136627144513824,-2.995647840264848e-05,0.0001411533294903844
517,2004-03-31,0.0003812208866555977,-2.9957375820455212e-05,0.00014113340803989516
518,2004-04-30,0.00038107561267075596,-2.9958273291330606e-05,0.00014111349221157532
519,2004-05-31,0.0003809304493653798,-2.995917081616284e-05,0.00014109358200387057
520,2004-06-30,0.00038078539661068334,-2.9960068395507022e-05,0.00014107367741300614
521,2004-07-31,0.00038064045428232163,-2.9960966027697822e-05,0.0001410537784378718
522,2004-08-31,0.0003804956222550615,-2.996186371428955e-05,0.00014103388507535897
523,2004-09-30,0.0003803509004001171,-2.9962761454394027e-05,0.0001410139973234692
524,2004-10-31,0.0003802062885940316,-2.9963659248455343e-05,0.00014099411517976002
525,2004-11-30,0.00038006178671157187,-2.9964557095918387e-05,0.00014097423864134484
526,2004-12-31,0.0003799173946248402,-2.996545499789338e-05,0.00014095436770711345
527,2005-01-31,0.00037977311221304433,-2.996635295315908e-05,0.00014093450237329108
528,2005-02-28,0.0005098173044419951,-9.026596108019369e-05,0.0002027179988031147
529,2005-03-31,0.0005095575231939264,-9.027410975903649e-05,0.00020267691254538533
530,2005-04-30,0.0005092980065573016,-9.028225991014605e-05,0.00020263584293789272
531,2005-05-31,0.0005090387541288877,-9.029041153241213e-05,0.0002025947899719771
532,2005-06-30,0.0005087797655045634,-9.029856462716701e-05,0.00020255375363631423
533,2005-07-31,0.0005085210402846485,-9.03067191939666e-05,0.0002025127339220223
534,2005-08-31,0.0005082625780632455,-9.031487523425419e-05,0.00020247173081822112
535,2005-09-30,0.0005080043784433386,-9.032303274758569e-05,0.00020243074431469665
536,2005-10-31,0.0005077464410225829,-9.033119173473825e-05,0.00020238977440167893
537,2005-11-30,0.0005074887654021865,-9.033935219593392e-05,0.0002023488210698421
538,2005-12-31,0.0005072313511842452,-9.034751413228292e-05,0.00020230788430741775
539,2006-01-31,0.0005069741979717435,-9.035567754289708e-05,0.00020226696410574618
540,2006-02-28,0.00046066270433975376,-2.2519269939902387e-06,0.00016254557298767125
541,2006-03-31,0.00046045059192056925,-2.251932064711859e-06,0.0001625191562180106
542,2006-04-30,0.0004602386747469822,-2.251937136321658e-06,0.00016249274803348257
543,2006-05-31,0.0004600269525480982,-2.2519422074873674e-06,0.00016246634843031238
544,2006-06-30,0.0004598154250556874,-2.2519472787640993e-06,0.00016243995740361505
545,2006-07-31,0.0004596040920006317,-2.251952349929809e-06,0.00016241357494917175
546,2006-08-31,0.00045939295311647754,-2.2519574214285853e-06,0.00016238720106298565
547,2006-09-30,0.00045918200813321874,-2.2519624924832726e-06,0.0001623608357417261
548,2006-10-31,0.0004589712567870663,-2.251967563871027e-06,0.000162334478979842
549,2006-11-30,0.00045876069880890213,-2.2519726353698033e-06,0.0001623081307737806
550,2006-12-31,0.0004585503339331609,-2.251977706646535e-06,0.00016228179111976715
551,2007-01-31,0.0004583401618942773,-2.2519827781453117e-06,0.00016225546001291669
552,2007-02-28,0.00040578306870742153,0.0002836737172116077,0.000289023546326872
553,2007-03-31,0.0004056184755940606,0.0002835932692542009,0.0002889400358527805
554,2007-04-30,0.0004054540159525999,0.0002835128669128606,0.00028885657362298645
555,2007-05-31,0.0004052896896178382,0.00028343251014883997,0.0002887731595975218
556,2007-06-30,0.0004051254964290152,0.0002833521989231702,0.00028868979373286585
557,2007-07-31,0.00040496143622359426,0.00028327193319765964,0.00028860647598816236
558,2007-08-31,0.0004047975088408151,0.0002831917129330064,0.00028852320632166695
559,2007-09-30,0.00040463371411991744,0.00028311153809101874,0.0002884399846920793
560,2007-10-31,0.0004044700518974764,0.000283031408633061,0.00028835681105743305
561,2007-11-30,0.0004043065220153963,0.0002829513245208304,0.0002882736853757617
562,2007-12-31,0.0004041431243120286,0.00028287128571502507,0.00028819060760709725
563,2008-01-31,0.00040397985862838937,0.0002827912921782305,0.00028810757770836304
564,2008-02-29,0.0003973048455065964,0.0003579940973502671,0.0001810339154295626
565,2008-03-31,0.0003971470570540703,0.00035786598343956477,0.00018100114808272671
566,2008-04-30,0.00039698939388266297,0.0003577379611902076,0.00018096839259595932
567,2008-05-31,0.0003968318558422723,0.0003576100305058283,0.00018093564896215497
568,2008-06-30,0.0003966744427854607,0.0003574821912875059,0.00018090291717554052
569,2008-07-31,0.000396517154562126,0.00035735444343643064,0.0001808701972292326
570,2008-08-31,0.00039635999102394237,0.0003572267868553469,0.00018083748911634778
571,2008-09-30,0.0003962029520234722,0.0003570992214467772,0.00018080479283177908
572,2008-10-31,0.00039604603741238975,0.00035697174711213364,0.00018077210836842106
573,2008-11-30,0.00039588924704236916,0.00035684436375515993,0.00018073943571916828
574,2008-12-31,0.0003957325807677492,0.0003567170712774903,0.0001807067748786917
575,2009-01-31,0.0003955760384384277,0.00035658986958198025,0.0001806741258396638
576,2009-02-28,0.00038461788255794715,0.00018670595143821522,0.00021147211418304224
577,2009-03-31,0.00038447000851604685,0.00018667109883296895,0.00021142740318302877
578,2009-04-30,0.00038432224813611526,0.00018663625923753813,0.00021138271108478435
579,2009-05-31,0.0003841746012875902,0.00018660143264381812,0.00021133803787765082
580,2009-06-30,0.00038402706783990936,0.00018656661904548066,0.00021129338354786142
581,2009-07-31,0.00038387964766339877,0.00018653181843453215,0.0002112487480856462
582,2009-08-31,0.0003837323406257198,0.00018649703080420021,0.00021120413147657224
583,2009-09-30,0.00038358514659719845,0.0001864622561467133,0.00021115953371064755
584,2009-10-31,0.0003834380654490488,0.00018642749445596518,0.00021111495477521558
585,2009-11-30,0.00038329109705070863,0.000186392745722741,0.00021107039465806388
586,2009-12-31,0.0003831442412716157,0.00018635800994193374,0.00021102585334786816
587,2010-01-31,0.00038299749798564875,0.0001863232871045506,0.000210981330832416
588,2010-02-28,0.0005333700510128381,0.00034579468253337353,0.0002452846724727564
589,2010-03-31,0.0005330857190486427,0.00034567514990391235,0.0002452245226558514
590,2010-04-30,0.0005328016900696397,0.000345555699884037,0.00024516440233202097
591,2010-05-31,0.0005325179635926602,0.00034543633238937055,0.00024510431147994893
592,2010-06-30,0.0005322345391327588,0.00034531704733364865,0.00024504425007676467
593,2010-07-31,0.0005319514162094308,0.0003451978446320503,0.0002449842181031503
594,2010-08-31,0.0005316685943412836,0.00034507872419919927,0.00024492421553490296
595,2010-09-30,0.0005313860730469244,0.00034495968594949744,0.0002448642423524827
596,2010-10-31,0.0005311038518511779,0.00034484072979867886,0.00024480429853279695
597,2010-11-30,0.0005308219302726513,0.00034472185566125635,0.0002447443840556396
598,2010-12-31,0.0005305403078352811,0.00034460306345229785,0.000244684498897918
599,2011-01-31,0.0005302589840647798,0.00034448435308798153,0.0002446246430398702
600,2011-02-28,0.0003804158546776293,0.00031665755824505926,0.0002686981058601656
601,2011-03-31,0.0003802711934861591,0.0003165573179769732,0.0002686259265822777
602,2011-04-30,0.0003801266422716054,0.00031645714115213774,0.0002685537860724896
603,2011-05-31,0.00037998220091139956,0.000316357027710934,0.0002684816842988269
604,2011-06-30,0.0003798378692803084,0.00031625697759241067,0.0002684096212313136
605,2011-07-31,0.00037969364725309873,0.0003161569907375039,0.0002683375968379753
606,2011-08-31,0.00037954953470364927,0.0003160570670853735,0.00026826561108839186
607,2011-09-30,0.0003794055315093914,0.0003159572065764005,0.00026819366395103295
608,2011-10-31,0.0003792616375442037,0.00031585740915096583,0.0002681217553941462
609,2011-11-30,0.0003791178526855177,0.0003157576747488955,0.0002680498853881996
610,2011-12-31,0.0003789741768072119,0.0003156580033112366,0.00026797805390121887
611,2012-01-31,0.0003788306097867178,0.000315558394777371,0.00026790626090211767
612,2012-02-29,0.0004658925276608272,0.002374730962766858,0.00021180347686922119
613,2012-03-31,0.00046567557288756944,0.002369104973195424,0.00021175862565625536
614,2012-04-30,0.00046545882008075523,0.0023635055777643244,0.00021171379343365437
615,2012-05-31,0.0004652422689597202,0.0023579325883514857,0.00021166898019120417
616,2012-06-30,0.00046502591924202363,0.002352385818605196,0.00021162418591513799
617,2012-07-31,0.00046480977064611295,0.002346865083924232,0.0002115794105943536
618,2012-08-31,0.0004645938228948765,0.002341370201433546,0.00021153465421708262
619,2012-09-30,0.00046437807570587353,0.002335900989969497,0.00021148991677022444
620,2012-10-31,0.00046416252879932784,0.0023304572700557635,0.00021144519824267682
621,2012-11-30,0.0004639471818981278,0.0023250388638855757,0.00021140049862244936
622,2012-12-31,0.0004637320347242735,0.0023196455953022888,0.00021135581789666347
623,2013-01-31,0.00046351708699887695,0.0023142772897790653,0.00021131115605443895
624,2013-02-28,0.0005627045505418593,0.0002437778481600983,0.00025073922086926714
625,2013-03-31,0.0005623880921952207,0.00024371843500459178,0.00025067636647224667
626,2013-04-30,0.000562071989593349,0.00024365905080181438,0.00025061354357935883
627,2013-05-31,0.0005617562421367239,0.00024359969553078287,0.00025055075216728895
628,2013-06-30,0.0005614408492258249,0.000243540369170403,0.00025048799221183415
629,2013-07-31,0.0005611258102664607,0.00024348107170057975,0.0002504252636903459
630,2013-08-31,0.0005608111246617753,0.0002434218030983315,0.00025036256657817724
631,2013-09-30,0.0005604967918175774,0.0002433625633444514,0.0002502999008520135
632,2013-10-31,0.0005601828111405638,0.00024330335241640189,0.00025023726648898403
633,2013-11-30,0.0005598691820400958,0.00024324417029397694,0.000250174663464664
634,2013-12-31,0.0005595559039255349,0.00024318501695619332,0.0002501120917557387
635,2014-01-31,0.0005592429762080187,0.00024312589238151272,0.0002500495513393375
636,2014-02-28,0.00044758948596790304,0.00042084951575627194,0.00028693490311160197
637,2014-03-31,0.00044738923924469987,0.0004206724759462377,0.0002868525950894263
638,2014-04-30,0.0004471891716182341,0.00042049558502454953,0.0002867703342743777
639,2014-05-31,0.0004469892828469213,0.00042031884280435694,0.0002866881206256
640,2014-06-30,0.00044678957269361774,0.00042014224909758813,0.00028660595410245904
641,2014-07-31,0.00044659004091673893,0.00041996580371783665,0.00028652383466498677
642,2014-08-31,0.00044639068727825304,0.0004197895064779189,0.000286441762272327
643,2014-09-30,0.0004461915115392401,0.00041961335719087334,0.00028635973688406757
644,2014-10-31,0.00044599251346166824,0.0004194373556714037,0.00028627775846001846
645,2014-11-30,0.00044579369281017023,0.00041926150173332566,0.0002861958269595455
646,2014-12-31,0.0004455950493431615,0.0004190857951906768,0.00028611394234245857
647,2015-01-31,0.00044539658282793937,0.0004189102358591601,0.0002860321045692338
648,2015-02-28,0.0004640051249218402,0.0005343588518168518,0.00028467769349371785
649,2015-03-31,0.00046378992401674424,0.000534073464926843,0.00028459667516811393
650,2015-04-30,0.000463574922634713,0.0005337883827088996,0.00028451570294474315
651,2015-05-31,0.00046336012049863484,0.0005335036046758557,0.0002844347767836375
652,2015-06-30,0.00046314551733228626,0.0005332191303408784,0.0002843538966457171
653,2015-07-31,0.0004629311128585556,0.0005329349592188004,0.0002842730624923462
654,2015-08-31,0.00046271690680210753,0.0005326510908247872,0.00028419227428355676
655,2015-09-30,0.00046250289888760676,0.0005323675246747817,0.00028411153198071304
656,2015-10-31,0.000462289088839718,0.0005320842602882792,0.0002840308355442911
657,2015-11-30,0.0004620754763848822,0.0005318012971814445,0.0002839501849354331
658,2015-12-31,0.00046186206124954055,0.0005315186348752166,0.0002838695801152813
659,2016-01-31,0.0004616488431592458,0.0005312362728902009,0.0002837890210443117
660,2016-02-29,0.0010410466263088836,0.0004024428242571654,0.0002841312705574861
661,2016-03-31,0.0010399639752227685,0.0004022809291823748,0.00028405056290981
662,2016-04-30,0.0010388835736350188,0.00040211916430854533,0.00028396990109902376
663,2016-05-31,0.0010378054145396831,0.00040195752948057883,0.00028388928508626954
664,2016-06-30,0.0010367294909645608,0.0004017960245411567,0.00028380871483224546
665,2016-07-31,0.001035655795961432,0.0004016346493337375,0.0002837281902989819
666,2016-08-31,0.0010345843226167162,0.0004014734037015577,0.0002836477114465108
667,2016-09-30,0.0010335150640381485,0.00040131228748940817,0.0002835672782364185
668,2016-10-31,0.0010324480133689917,0.0004011513005415246,0.00028348689063006915
669,2016-11-30,0.0010313831637764892,0.00040099044270147655,0.00028340654858816094
670,2016-12-31,0.001030320508456306,0.000400829713814832,0.0002833262520720581
671,2017-01-31,0.0010292600406334174,0.0004006691137268259,0.00028324600104423503
672,2017-02-28,0.00023816074320226477,0.00029203455618254104,0.0002831657954640576
673,2017-03-31,0.00023810403616675302,0.00029194929689868587,0.00028308563529466646
674,2017-04-30,0.00023804735613097705,0.00029186408738279823,0.0002830055204965376
675,2017-05-31,0.0002379907030727324,0.0002917789275920235,0.0002829254510317014
676,2017-06-30,0.0002379340769742555,0.0002916938174819528,0.0002828454268604119
677,2017-07-31,0.00023787747781600643,0.0002916087570099535,0.00028276544794691993
678,2017-08-31,0.00023782090557844526,0.00029152374613194976,0.00028268551424992516
679,2017-09-30,0.00023776436024203207,0.00029143878480530905,0.00028260562573279024
680,2017-10-31,0.00023770784178989146,0.00029135387298573345,0.0002825257823566574
681,2017-11-30,0.00023765135019981898,0.0002912690106309235,0.0002824459840835569
682,2017-12-31,0.00023759488545405105,0.00029118419769724735,0.0002823662308752972
683,2018-01-31,0.00023753844753304776,0.00029109943414129535,0.00028228652269302046
684,2018-02-28,0.00046467498663727014,0.00034911742344634344,0.00028220685949942315
685,2018-03-31,0.0004644591640774465,0.00034899558300671707,0.00028212724125653565
686,2018-04-30,0.0004642435419057733,0.00034887382758064245,0.0002820476679250561
687,2018-05-31,0.00046402811984513903,0.00034875215707930174,0.0002819681394690132
688,2018-06-30,0.00046381289761310285,0.0003486305714143212,0.00028188865584799494
689,2018-07-31,0.0004635978749361058,0.00034850907049677193,0.0002818092170264741
690,2018-08-31,0.00046338305153437176,0.00034838765423794715,0.0002817298229651488
691,2018-09-30,0.000463168427130789,0.0003482663225495841,0.0002816504736262715
692,2018-10-31,0.00046295400145091037,0.0003481450753433091,0.0002815711689727607
693,2018-11-30,0.00046273977421673607,0.00034802391253074827,0.00028149190896642473
694,2018-12-31,0.0004625257451547071,0.00034790283402397204,0.00028141269356951604
695,2019-01-31,0.0004623119139877119,0.00034778183973527277,0.00028133352274450907
696,2019-02-28,0.0005475732363331431,0.0004149361831616849,0.00028125439645410033
697,2019-03-31,0.0005472735639697746,0.0004147640825348242,0.0002811753146598761
698,2019-04-30,0.0005469742194312843,0.0004145921246093698,0.0002810962773254211
699,2019-05-31,0.0005466752021821009,0.00041442030921079454,0.00028101728441232154
700,2019-06-30,0.000546376511683988,0.00041424863616024155,0.000280938335883274
701,2019-07-31,0.0005460781474040388,0.0004140771052818515,0.00028085943170164107
702,2019-08-31,0.0005457801088057934,0.00041390571639832174,0.0002807805718292311
703,2019-09-30,0.000545482395357233,0.00041373446933401503,0.00028070175622896265
704,2019-10-31,0.0005451850065272268,0.00041356336391285,0.0002806229848639763
705,2019-11-30,0.0005448879417828678,0.0004133923999583011,0.0002805442576960804
706,2019-12-31,0.0005445912005974662,0.0004132215772972847,0.00028046557468974775
707,2020-01-31,0.0005442947824416677,0.00041305089575138787,0.00028038693580567653
708,2020-02-29,0.00045908158200447247,0.0005512129390291554,0.0002803083410085616
709,2020-03-31,0.00045887092281216013,0.000550909270703448,0.00028022979026021133
710,2020-04-30,0.00045866045686082657,0.0005506059367806904,0.0002801512835244324
711,2020-05-31,0.0004584501838866828,0.0005503029367089907,0.00028007282076392137
712,2020-06-30,0.0004582401036232753,0.0005500002699372342,0.00027999440194115266
713,2020-07-31,0.00045803021580592684,0.0005496979359173038,0.00027991602702015506
714,2020-08-31,0.0004578205201708485,0.0005493959340979737,0.00027983769596362507
715,2020-09-30,0.0004576110164533631,0.0005490942639347907,0.00027975940873448124
716,2020-10-31,0.000457401704391458,0.0005487929248799706,0.0002796811652969744
717,2020-11-30,0.00045719258371956784,0.0005484919163895041,0.0002796029656126908
718,2020-12-31,0.0004569836541792327,0.000548191237918827,0.0002795248096467695
719,2021-01-31,0.0004567749155057754,0.0005478908889271494,0.0002794466973614629
720,2021-02-28,0.0,0.0007248839671826213,0.00022384815900267085
721,2021-03-31,0.0,0.0007243588910131882,0.00022379806221839438
722,2021-04-30,0.0,0.0007238345749802644,0.00022374798785196326
723,2021-05-31,0.0,0.0007233110174345025,0.00022369793588872255
724,2021-06-30,0.0,0.0007227882167313293,0.00022364790631379527
725,2021-07-31,0.0,0.0007222661712306122,0.0002235978991111942
726,2021-08-31,0.0,0.0007217448792974368,0.00022354791426693055
727,2021-09-30,0.0,0.0007212243393011075,0.0002234979517661273
728,2021-10-31,0.0,0.0007207045496160358,0.00022344801159279726
729,2021-11-30,0.0,0.000720185508620963,0.0002233980937329516
730,2021-12-31,0.0,0.0007196672146994043,0.00022334819817082519
731,2022-01-31,0.0,0.0007191496662399821,0.0002232983248919851
732,2022-02-28,0.0010441093227173681,0.0007269809120687976,0.00022324847388199842
733,2022-03-31,0.0010430202954045953,0.0007264527947302701,0.00022319864512443388
734,2022-04-30,0.0010419335374809435,0.000725925444139186,0.0002231488386059688
735,2022-05-31,0.0010408490418578609,0.0007253988586277682,0.00022309905431083799
736,2022-06-30,0.0010397668014814343,0.0007248730365311262,0.00022304929222460856
737,2022-07-31,0.001038686809323508,0.000724347976191364,0.0002229995523317374
738,2022-08-31,0.0010376090583834596,0.0007238236759535832,0.0002229498346186798
739,2022-09-30,0.0010365335416953059,0.0007233001341689915,0.0002229001390690044
740,2022-10-31,0.0010354602523170442,0.0007227773491921274,0.0002228504656693886
741,2022-11-30,0.001034389183335982,0.0007222553193846348,0.0002228008144036231
742,2022-12-31,0.0010333203278705128,0.0007217340431098229,0.00022275118525794113
